source	target
ISRAEL	DPRK
LLC "KNYAZHEVSKOE"	RUSSIA
Yong Kyong-kin	DPRK
Unhasu Restaurant MY	MALAYSIA
Unhasu Restaurant MY	Han Hun-il
Korea Kumrung Shipping Company	DPRK
Kim Khe-son	DPRK
Liaoning Danxing International Forwarding Co.	Transit Prime International Logistics
Liaoning Danxing International Forwarding Co.	USA
Kim Khe-son	LLC "ORYUN"
Kim Khe-son	Pioner LLC
Nekad Ziplem	MALAYSIA
Nekad Ziplem	Han Hun-il
Namhung Trading Corporation, Dalian	Tanchon Commercial Bank
Namhung Trading Corporation, Dalian	Namhung Trading Corporation
Kuwolsan	PAKISTAN
Kuwolsan	LIBYA
Namhung Trading Corporation, Dandong	CHINA
Namhung Trading Corporation, Dandong	Namhung Trading Corporation
Yunong Ma	ZM international Company Ltd
Yunong Ma	Seajet Company Limited
Faith	CAMBODIA
Faith	Huajin Shipping & Trading Limited (Hong Kong)
MKP-WUI Long System Scaffolds	MALAYSIA
MKP-WUI Long System Scaffolds	Han Hun-il
Faith	Korea Kuksan Shipping Company (2009)
Faith	DPRK
5th Machine Industry Bureau	Second Economic Committee
MKP Sosit	MALAYSIA
Kang Mun-kil	Y Y Shun Limited
Kang Mun-kil	Namhung Trading Corporation, Dalian
MKP Sosit	Han Hun-il
MKP Holdings	MKP-WUI Long System Scaffolds
Kang Mun-kil	Namhung Trading Corporation, Beijing
Rifat Macit	DPRK
MKP Holdings	MALAYSIA
MKP Holdings	Han Hun-il
Namhung Trading Corporation, Beijing	Yona Star International
Namhung Trading Corporation, Beijing	CHINA
Korea Susan Shipping Company	DPRK
People's Bank of China	State Council
Namhung Trading Corporation, Beijing	Namhung Trading Corporation
Namhung Trading Corporation	DPRK
MKP Dynamic Supplies	MALAYSIA
MKP Dynamic Supplies	Han Hun-il
Namhung Trading Corporation	General Bureau of Atomic Energy
Namhung Trading Corporation	KWP CC Secretariat Heavy Industry Department
Ugandan People's Defense Force	Nakasongola Air Base
Ugandan People's Defense Force	Uganda Junior Command and Staff College
New Hunchun	DPRK
Woory Star 2	DPRK
Ugandan People's Defense Force	Oliver Tambo Leadership Institute
MKP Dynamic Engineering	MALAYSIA
Kang Si-sop	Civil Aviation Bureau
Min Hae	CHINA
MKP Dynamic Engineering	Han Hun-il
MKP Corporation	MALAYSIA
Min Hae	DGS Marine
Kwang Myong	Siunbong Ocean International Group (1992)
MKP Corporation	Han Hun-il
MKP Capital LLC	MALAYSIA
Kwang Myong	Si Wan Fung Sea Going International Holding Limited
Si Wan Fung Sea Going International Holding Limited	DPRK
MKP Capital LLC	Han Hun-il
222 Shipping & Trading (2007)	DPRK
Si Wan Fung Sea Going International Holding Limited	CHINA
Kunjari	MONGOLIA
Closed Joint Stock Company Commercial Bank "Credit Dnipro"	UKRAINE
North East Asia Bank	Korea National Insurance Corporation
Kunjari	Si Wan Fung Sea Going International Holding Limited
Kormal Import and Export Company	DPRK
North East Asia Bank	Central Bank DPRK
North East Asia Bank	Closed Joint Stock Company Commercial Bank "Credit Dnipro"
East Wind	BELIZE
East Wind	DPRK
Han Hun-il	MKP Myanmar
Han Hun-il	National Defence Commission
Mehdi Shanbadi Nia	UNITED ARAB EMIRATES
Better Life Tomorrow Lao Ltd. Co.	DPRK
Han Hun-il	Malaysia Korea Partners
Han Hun-il	Reconnaissance General Bureau
Daimler Benz AG	DPRK Permanent Mission Geneva
Daimler Benz AG	DPRK
Han Hun-il	Mansudae Overseas Project Group
Han Hun-il	Korea Koryo Corporation
Daimler Benz AG	GERMANY
Yekta	DPRK
Yusong Shipping Company (2009)	DPRK
Yanghwa Fishery Station	DPRK
Yekta	Mehdi Shanbadi Nia
Western Restaurant	DPRK
MKP Builders	MALAYSIA
MKP Builders	Han Hun-il
Mohammad Katani Zadeh	UNITED ARAB EMIRATES
Shaima	DPRK
Urongyu61006	DPRK
UNITED KINGDOM	Royal Team Corporation
Shaima	Mohammad Katani Zadeh
Korea K Choeng Bong Trading Corporation	DPRK
UNITED KINGDOM	HK Conie Technology Co., Ltd.
Ministry of Public Security Vietnam	Ministry of People's Security DPRK
Hongkong Song U Trading Group	CHINA
Hongkong Song U Trading Group	Ryu Gong
Ministry of Public Security Vietnam	VIETNAM
闽霞渔 1067	DPRK
Chonnyon Shipping Co., Ltd.	DPRK
Pyongyang Friendship Restaurant (Laos)	DPRK
Tong Hung Shipping & Trading Co. Ltd. (2011)	DPRK
Landesbank Hessen-Thuringen Girozentrale	GERMANY
Ryu Gong	Chonnyon Shipping Co., Ltd.
Chinko Shipping Trading Co., Ltd.	DPRK
Tonghae Sonbak Company Limited (1998)	Sunlight Agency
Tonghae Sonbak Company Limited (1998)	DPRK
Korea Ryonghung Shipping Co.	DPRK
SK Architect and Construction	DPRK
合兴 88	DPRK
Dandong Zhongrui Petrochemical Co., Ltd.	DPRK
Dongcheng HK Shipping Ltd.	CHINA
Dongcheng HK Shipping Ltd.	Mi Yang 7
Koryo Commercial Bank Limited	Central Bank DPRK
Koryo Commercial Bank Limited	Landesbank Hessen-Thuringen Girozentrale
Ministry of People's Security DPRK	Cabinet DPRK
Ministry of People's Security DPRK	National Defence Commission
Koryo Commercial Bank Limited	Banco Nazionale del Lavoro SpA
福远渔 680	DPRK
Jiajia Holdings Ltd.	CHINA
Jiajia Holdings Ltd.	Man Chung 1
Takuzan Marine Corporation (2005)	DPRK
福远渔 679	DPRK
Korea Dongyang 5 Trading Corpporation	DPRK
Manchung Shipping Co	DPRK
RUSSIA	Kim Kwang-il
RUSSIA	DPRK
Man Chung 1	Manchung Shipping Co
Korea Jinhwa Joint Corporation	MINISO, Pyongyang
Taedoksan Shipping Company	DPRK
Taedonggang Sonbak Co. Limited (1999)	Ocean Maritime Management Company, Limited
Korea Mineral General Trading Corporation	Homicho Ammunition Engineering Industry
Korea Mineral General Trading Corporation	DPRK
Taedonggang Sonbak Co. Limited (1999)	DPRK
Oriental Commercial Holdings	Daedong Credit Bank
Xin Sea Shipping Co., Ltd.	CHINA
Xin Sea Shipping Co., Ltd.	Kum San Bong
Vneshtorgbank OOO	RUSSIA
Peregrine DPRK Holdings Ltd.	Daedong Credit Bank
Liujing Hotel (Yanji))	DPRK
Liujing Hotel (Yanji))	CHINA
Peregrine DPRK Holdings Ltd.	BRITISH VIRGIN ISLANDS
Taedonggang Shipping Company	DPRK
Kum San Bong	Korea Namsan Shipping Company (1989)
Hongqing Hotel - Hongqiao Branch	DPRK
Sinji Software	Daedong Credit Bank
Sun Shipping Co. Ltd.	DPRK
Hongqing Hotel - Hongqiao Branch	CHINA
North Korea Pyongyang Eun Ban Restaurant	DPRK
MALAYSIA	DPRK
MALAYSIA	Nice Field International
North Korea Pyongyang Eun Ban Restaurant	CHINA
HongKong Cheong Song Shipping	CHINA
MALAYSIA	Ryang Su-nyo
Sohae Sonbak Company Limited	DPRK
HongKong Cheong Song Shipping	Kum Hae
Universal Imp & Exp Trading Co	CHINA
Hana Electronics	Daedong Credit Bank
Siunbong Ocean International Group (1992)	DPRK
Universal Imp & Exp Trading Co	Kang An 1
You Kyung Kim Dal Chae [Restaurant]	DPRK
Phoenix Commercial Ventures Ltd.	Daedong Credit Bank
Malayan Banking Berhad	MALAYSIA
You Kyung Kim Dal Chae [Restaurant]	CHINA
Moranbong [Restaurant]	DPRK
China National Heavy Dury Truck Group Co., Ltd.	DPRK
Sinpo Fishery Company (1996)	DPRK
Moranbong [Restaurant]	CHINA
Korea Kangan Shipping Co., Ltd.	DPRK
Asia Metallurgical Company Ltd.	GERMANY
Asia Metallurgical Company Ltd.	CHINA
Kim Yong-nam	Joint Institute for Nuclear Research
Kim Yong-nam	Foreign Trade Bank DPRK
Sarajevo Maritime LLC (2006)	DPRK
Shoo Gun Shipping (2003)	DPRK
Kim Yong-nam	Kim Chaek University of Technology
Kim Yong-nam	ZIMBABWE
Ryonggang Shipping Co. Ltd.	Ocean Maritime Management Company, Limited
Ryonggang Shipping Co. Ltd.	DPRK
Kim Yong-nam	ITALY
Kim Yong-nam	United Nations Educational, Scientific and Cultural Organization
Rason Kangsong Trading Corporation (2009)	DPRK
Banco Nazionale del Lavoro SpA	ITALY
Kim Yong-nam	Reconnaissance General Bureau
Kim Su-gyong	ITALY
Jinmyong Trading Group	DPRK
Rakwon Shipping Company (2008)	Ocean Maritime Management Company, Limited
Kim Su-gyong	Kim Yong-nam
Kim Su-gyong	Reconnaissance General Bureau
Rakwon Shipping Company (2008)	DPRK
Phothae Shipping Co. Ltd. (2011)	Ocean Maritime Management Company, Limited
Kim Su-gyong	Korea United Development Bank
Ministry of Defense and National Service Tanzania	General Department of Military Cooperation
Phothae Shipping Co. Ltd. (2011)	DPRK
Nice Field International	Korea Kwangson Banking Corporation
Pyongyang Restaurant (Shenyang)	DPRK
Pyongyang Restaurant (Shenyang)	CHINA
DENMARK	DPRK
DENMARK	Dandong Yongxinghe Trade Co., Ltd.
Kang An 1	Korea Kangan Shipping Co., Ltd.
Pyongyang Mo Ran Bong Hotel	DPRK
Pongsu Shipping Company Limited (1996)	DPRK
MKP Capital Bhd	MALAYSIA
Pyongyang Mo Ran Bong Hotel	CHINA
K.Morning	Ryusong Shipping Co., Ltd.
MKP Capital Bhd	Han Hun-il
MKP Capital Bhd	Pak In-su
Kim Su-gwang	DPRK Trade Representative Office Belarus
Kim Su-gwang	Kim Su-gyong
MKP Capital Bhd	DPRK
MKP Capital Bhd	Malaysia Korea Partners
Kim Su-gwang	ITALY
Kim Su-gwang	Kim Yong-nam
Manpung Shipping Company (2006)	DPRK
Yueda (HK) International Trading Co.	Yueda (HK) International Trading Co., Pyongyang office
Kim Su-gwang	Reconnaissance General Bureau
Pyongyang Friendship Dongmyung Restaurant	DPRK
Yueda (HK) International Trading Co.	Daedong Credit Bank
Yueda (HK) International Trading Co.	DPRK
Pyongyang Friendship Dongmyung Restaurant	CHINA
Hongkong Jinming Co., Ltd.	CHINA
Banque de Commerce et de Placements SA	SWITZERLAND
Magnolia Mga Shipping Co. Limited (1980)	DPRK
Hongkong Jinming Co., Ltd.	Jinming 1
Pyongyang Dong Myo Hyang San [Restaurant]	DPRK
Lyukdae Fishery Station (1996)	DPRK
Banco Commerciale Lugano	SWITZERLAND
Pyongyang Dong Myo Hyang San [Restaurant]	CHINA
Chonghae Shipping Co.	DPRK
Lyeming Shipping Company (2007)	DPRK
Dandong Nice Chemicals Co., Ltd.	Daedong Credit Bank
Winning International Consulting Group Co, Limited	CHINA
Winning International Consulting Group Co, Limited	Leader (Hong Kong) International
BELARUS	Noble House LLC
Kumsan Shipping Company (2004)	DPRK
Chilbosan Hotel	DPRK
Chilbosan Hotel	CHINA
Li Zhengang	DCB Finance Ltd.
Li Zhengang	Dandong Zhongrui Petrochemical Co., Ltd.
Pacific International Lines	SINGAPORE
Xingtai InternationalTrading	CHINA
Li Zhengang	Yueda (HK) International Trading Co.
Li Zhengang	Dandong Nice Chemicals Co., Ltd.
Choe Kwang-hyok	H.K. King Helong Int'l Trading Limited
Pyongyang Restaurant (Shanghai)	DPRK
Korea Zuzagbong Maritime Limited	DPRK
Lucky Star	TOGO
Pyongyang Restaurant (Shanghai)	CHINA
Flourish Maritime Ltd.	CHINA
Lucky Star	VIETNAM
Lucky Star	Songnim port
New East International Trading Limited	DPRK
Pyongyang Okryu Restaurant (Shanghai)	DPRK
Belarusian Bank for Development and Reconstruction "Belinvestbank" JSC	BELARUS
Forever Lucky	PANAMA
Pyongyang Okryu Restaurant (Shanghai)	CHINA
New East International Trading Limited, Hong Kong	New East International Trading Limited
Forever Lucky	VIETNAM
Forever Lucky	Taean port
New East International Trading Limited, Hong Kong	Excellence Minerals
Hung Tae 1	DPRK
Korea United Development Bank	Korea United Development Bank, Moscow
Korea United Development Bank	Cabinet DPRK
Hung Tae 1	Xingtai InternationalTrading
Hung Tae 1	Flourish Maritime Ltd.
Korea United Development Bank	Central Bank DPRK
Korea United Development Bank	Vneshtorgbank OOO
Green Pine Associated Corporation	Green Pine Associated Corporation, Hong Kong branch
Green Pine Associated Corporation	Dingyuan Zhencheng (Beijing) Trading Co., Ltd.
Korea United Development Bank	Malayan Banking Berhad
Korea United Development Bank	Banco Nazionale del Lavoro SpA
Green Pine Associated Corporation	Beijing Dingyuan Dasong Trading Co., Ltd.
Korea Haegumgang Shipping Co.	DPRK
Korea United Development Bank	Banque de Commerce et de Placements SA
Korea United Development Bank	Banco Commerciale Lugano
Korea Haegumgang Shipping Co.	Hae Bang San
Pyongyang Myo Hyang Restaurant	DPRK
Korea United Development Bank	Belarusian Bank for Development and Reconstruction "Belinvestbank" JSC
Korea Zoming Shipping Company (2000)	DPRK
Pyongyang Myo Hyang Restaurant	CHINA
Korea Paekho 7 Trading	DPRK
Korea Yujong Shipping Company Limited	DPRK
Ka Rim Chon	CAMBODIA
Korea Paekho 7 Trading	Excellence Minerals
Suzhou Hanwei Shendiao CNC Technology Co. Ltd	Korea Ryonha Machinery Joint Venture Corporation
Ka Rim Chon	VIETNAM
Ka Rim Chon	DPRK
Pyongyang Arirang Restaurant (Shanghai)	DPRK
Pyongyang Arirang Restaurant (Shanghai)	CHINA
Korea Yonsan Shipping Company (2008)	DPRK
Jang Un	VIETNAM
Asia Metal	Directorate of Defense Industries
Hae Bang San	CAMBODIA
Jang Un	DPRK
Korea Yang Gak Do Shipping Co. (2007)	DPRK
Li Yi	Dandong Yisheng Trade Co, Ltd
Hongkong Complant Intl Trans	CHINA
Korea Wolbisan Shipping Company (1998)	DPRK
GERMANY	DPRK
Hongkong Complant Intl Trans	Hae Bang San
Pyongyang Koryo Restaurant (Shanghai 2)	DPRK
Korea International Exhibition Corporation	Wonbong Trading Co.
Korea International Exhibition Corporation	Songi Trading Corporation
Pyongyang Koryo Restaurant (Shanghai 2)	CHINA
Excellence Minerals	DPRK
Korea International Exhibition Corporation	Korea Tangun Trading Corporation
Korea International Exhibition Corporation	Korea Kangbong Trading Corp.
Excellence Minerals	Directorate of Defense Industries
Pyongyang Koryo Restaurant (Shanghai 1)	DPRK
Korea International Exhibition Corporation	Ministry of External Economic Relations DPRK
Korea International Exhibition Corporation	Korea Ferrous Metals Export and Import Corporation
Pyongyang Koryo Restaurant (Shanghai 1)	CHINA
Soe Min Htike Co., Ltd.	MYANMAR
Korea International Exhibition Corporation	Korea Kumsan Trading Corporation
Korea International Exhibition Corporation	Yonghung Trading Co.
Soe Min Htike Co., Ltd.	Directorate of Defense Industries
Dandong Yisheng Trade Co, Ltd	CHINA
Korea International Exhibition Corporation	Suhaeng J.V. Co.
Korea International Exhibition Corporation	Kwangmyong Joint Venture Co.
Sung Pyong-jin	Dandong Yisheng Trade Co, Ltd
Sung Pyong-jin	Millim Technology Company, Dandong
Korea International Exhibition Corporation	Royal Team Corporation
Korea International Exhibition Corporation	Korea Pugang Trading Corporation
Directorate of Defense Industries	MYANMAR
Directorate of Defense Industries	Korea Mining Development Trading Corporation, Naypyidaw
Korea International Exhibition Corporation	Green Pine Associated Corporation
Korea International Exhibition Corporation	Hyoksin Trading Corporation
Directorate of Defense Industries	Ministry of Defense Myanmar
Myo Hyang San Restaurant	DPRK
Korea International Exhibition Corporation	Korea Ryonha Machinery Joint Venture Corporation
Korea Uljibong Shipping Company (2006)	DPRK
Myo Hyang San Restaurant	CHINA
Jindal North Korean Restaurant	DPRK
Commerzbank AG	GERMANY
Korea Tumangang Shipping (1999)	DPRK
Jindal North Korean Restaurant	CHINA
Ministry of Defense Myanmar	MYANMAR
Su Lu-chi	Trans Merits Co. Ltd.
Su Lu-chi	Global Interface Company Inc.
Fatima 1	DPRK
Pyongyang Seol Kyung Restaurant	DPRK
Su Lu-chi	Alex H. T. Tsai
Korea Taeyang Shipping Co. Ltd.	DPRK
Pyongyang Seol Kyung Restaurant	CHINA
Gary Tsai	Alex H. T. Tsai
Kim Kwang-il	DPRK
O Kyuk-ryol	National Defence Commission
Seastar Hong Kong Shipping	K.Morning
Seastar Hong Kong Shipping	E.Morning
Nigel Richard James Cowie	Phoenix Commercial Ventures Ltd.
Nigel Richard James Cowie	Daedong Credit Bank
Seastar Hong Kong Shipping	CHINA
Millim Technology Company, Dandong	Millim Technology Company, China
Nigel Richard James Cowie	Hongdae International Ltd.
Korea Taedonggang Shipping Company (1998)	DPRK
Millim Technology Company, China	CHINA
Millim Technology Company, China	Korea Ryonha Machinery Joint Venture Corporation
Unaforte Limited, Hong Kong	First Eastern Bank
PML Co. Ltd	RUSSIA
Ryusong Shipping Co., Ltd.	E.Morning
Ryusong Shipping Co., Ltd.	DPRK
Kim Yong-chun	Korea General Corporation for External Construction (Z) Ltd
Kim Yong-chun	Korean People's Army
Trans Multi Mechanics Co., Ltd.	DPRK
Trans Multi Mechanics Co., Ltd.	TAIWAN
Kim Yong-chun	National Defence Commission
Korea Suyangsan Shipping Company (1988)	DPRK
Trans Multi Mechanics Co., Ltd.	USA
Pyongyang Mo Ran Bong - Altay Branch	DPRK
Kim Tong-un	Korean Workers Party
Korea Sungjin Shipping Company	DPRK
Pyongyang Mo Ran Bong - Altay Branch	CHINA
Pyongyang Koryo Restaurant (Harbin)	DPRK
Wan Heng 11	BELIZE
Wan Heng 11	Nampo port
Pyongyang Koryo Restaurant (Harbin)	CHINA
Korpen Shipping Co., Ltd.	CHINA
Wan Heng 11	Rye Song Gang 1
Kim Tong-myo'ng	Amroggang Development Bank
Korpen Shipping Co., Ltd.	Dong Nam No. 1
Millim Technology Company, Beijing	Millim Technology Company, China
Kim Tong-myo'ng	Tanchon Commercial Bank
Jon Pyong-ho	National Defence Commission
Liaosin Trading Company	CHINA
Xin'an Dongge Hotel	DPRK
Jon Pyong-ho	Korean Workers Party
Korea Songchongang Trading Co. (1967)	DPRK
Xin'an Dongge Hotel	CHINA
Dongnam Transport JV Co.	DPRK
Hyon Chol-hae	Korean People's Army
Primorye Maritime Logistics Co. Ltd.	RUSSIA
YIDA Precision Machinery Company, Ltd	TAIWAN
Fu Zhenhai	Hong Kong Real Friend Co., Limited
Korea Sonbong General Trading Co. (2000)	DPRK
Chu Kyu-chang	National Defence Commission
Fu Zhenhai	Liaosin Trading Company
Fu Zhenhai	Dalian Liaosin Trading Company, Limited
Chu Kyu-chang	Korean Workers Party
Gudzon Shipping Company LLC	Primorye Maritime Logistics Co. Ltd.
Dong Nam No. 1	DGS Marine
Dong Nam No. 1	Dongnam Transport JV Co.
Gudzon Shipping Company LLC	RUSSIA
Korea Sonbak Trading Corporation (1992)	DPRK
Liujing Hotel (Dandong)	DPRK
Liujing Hotel (Dandong)	CHINA
Chon Chi-bu	General Bureau of Atomic Energy
Korea Sogyong Trading	DPRK
Mechanical Systems	Scientific Studies and Research Centre
Mechanical Systems	Handasieh Organization for Engineering Industries
Korea Sinjin Shipping and Trading Co. (1951)	DPRK
Hon Byon-chol	Namhung Trading Corporation, Beijing
Northern Luck	DPRK
Pyongyang (Koryo) Restaurant (Dandong 2)	DPRK
Chang Song-taek	Korean Workers Party
Chang Song-taek	National Defence Commission
Pyongyang (Koryo) Restaurant (Dandong 2)	CHINA
Pyongyang (Koryo) Restaurant (Dandong 1)	DPRK
Myong Ryu 1	Nampo port
Myong Ryu 1	DPRK
Pyongyang (Koryo) Restaurant (Dandong 1)	CHINA
Jinming 1	Chonghae Shipping Co.
Korea Sikryo Trading Company (1998)	DPRK
Namchongang Trading Corporation	DPRK
Jinming 1	DPRK
Dalian Liaosin Trading Company, Limited	China Shipping Container Lines
Yun Ho-jin	Namhung Trading Corporation
Yun Ho-jin	DPRK Embassy Vienna
Pyongjang Jindal Chae Restaurant	DPRK
Pyongjang Jindal Chae Restaurant	CHINA
Yun Ho-jin	International Atomic Energy Agency
Yun Ho-jin	Namchongang Trading Corporation
Wan Hai 313	Soe Min Htike Co., Ltd.
Wan Hai 313	MYANMAR
Korea Samma Joint Venture Company	DPRK
Korea Samilpo Shipping Company	DPRK
E.Morning	DPRK
Jin Teng	DPRK
Kim Seok-ryong	KPA General Staff Electronic Warfare Detection Laboratory
Korea Samhae Promotion (1998)	DPRK
Pyongyang Restaurant (Dalian)	DPRK
Pyongyang Restaurant (Dalian)	CHINA
Trans Merits Co. Ltd.	TAIWAN
Trans Merits Co. Ltd.	Global Interface Company Inc.
Jin Tae	DPRK
Mo Ran Bong North Korea Performance Hotel	DPRK
Korea Ryonhwan Shipping (2010)	DPRK
KPA General Staff Electronic Warfare Detection Laboratory	KPA General Staff
Mo Ran Bong North Korea Performance Hotel	CHINA
Pyongyang Restaurant (Changchun)	DPRK
Tosong Technology Trading Corporation	Korea Mining Development Trading Corporation
Mun Hak-myun	KPA Air and Anti Air Command
Pyongyang Restaurant (Changchun)	CHINA
Yongsung Logistics Co., Ltd.	Korea Computer Center
Korea Puksong Shipping Company	DPRK
Ri Je-son	Joint Institute for Nuclear Research
Yongsung Logistics Co., Ltd.	ROK
JH 86	DPRK
Ri Je-son	General Bureau of Atomic Energy
Korea Potonggang Shipping Company (1999)	DPRK
Glasses Garage Co., Ltd.	Yongsung Logistics Co., Ltd.
Glasses Garage Co., Ltd.	JAPAN
KPA Air and Anti Air Command	Korean People's Army
Yongbyon Nuclear Research Center	General Bureau of Atomic Energy
Thae Phyong San	DPRK
Sin Dae Jong Kiim Gang Won Restaurant and Performance Hall	DPRK
Yongbyon Nuclear Research Center	Military Arms Production Department
Ahn Young-il	General Department of Military Cooperation
Sin Dae Jong Kiim Gang Won Restaurant and Performance Hall	CHINA
Pacific National University	DPRK
Korea Pongyue Shipping (2005)	DPRK
Ri Hong-sop	Nuclear Weapons Institute of the DPRK
Pyongyang Rungrado - Baofusi Branch	DPRK
Pyongyang Rungrado - Baofusi Branch	CHINA
Ri Hong-sop	Yongbyon Nuclear Research Center
CSBC Corporation Shipyard	TAIWAN
Pyongyang Mo Ran Bong - Yizhuang Branch	DPRK
Pyongyang Mo Ran Bong - Yizhuang Branch	CHINA
Top Energy Institute	IRAN
Jank Kwang-cheol	KPA General Staff
Far Eastern Federal University	DPRK
Pan Jong-thae	DPRK
Korea Pomsan Shipping Company (2008)	DPRK
Korean People's Army	Ministry of People's Armed Forces DPRK
Kim Jong-un National Defense University	KWP CC Secretariat Heavy Industry Department
Korea Moongwansei Company	DPRK
Korean People's Army	Korean Workers Party
Korean-Polish Shipping Company Limited	DPRK
Pyongyang Hae Dang Hwa - Landao Branch	DPRK
Pyongyang Hae Dang Hwa - Landao Branch	CHINA
KPA General Staff	Korean People's Army
Zeeshan Building Materials Trading LLC	DPRK
Dae Dong Gang North Korean Cuisine	DPRK
Dae Dong Gang North Korean Cuisine	CHINA
Zeeshan Building Materials Trading LLC	UNITED ARAB EMIRATES
Park Kyung-ho	National Defence Commission
Korea Koryo Simcheong Company	DPRK
Pyonsong College of Science	KWP CC Secretariat Heavy Industry Department
SYRIA	DPRK
Korea Osong Shipping Company (2011)	DPRK
Kim Chaek University of Technology	KWP CC Secretariat Heavy Industry Department
Korea Rungra 888 Trading Company (2006)	DPRK
Golden Luxury Corporation	CSBC Corporation Shipyard
Golden Luxury Corporation	Zeeshan Building Materials Trading LLC
Pyongyang Unhasu Restaurant	DPRK
Pyongyang Unhasu Restaurant	CAMBODIA
Golden Luxury Corporation	BELIZE
Korea Myongsan-Huayang (2011)	DPRK
Dalian Wanjin Trade Company Limited	Complant International Transportation (Dalian) Company Ltd.
Dalian Wanjin Trade Company Limited	Dalian Global Unity Shipping Company Limited
Sung Hak-cheol	National Defence Commission
Yun Dong-hyun	National Defence Commission
Dalian Wanjin Trade Company Limited	CHINA
Pyongyang Arirang Restaurant (Phnom Penh)	DPRK
Korea Mubong Trading Company	DPRK
Mansudae Overseas Project Group, Namibia	MOZAMBIQUE
Pyongyang Arirang Restaurant (Phnom Penh)	CAMBODIA
Uppsala University	DPRK
Mansudae Overseas Project Group, Namibia	DPRK
Mansudae Overseas Project Group, Namibia	Korea Mining Development Trading Corporation
Ryu Jon-gia	Create Co., Ltd.
Pyongyang (Koryo) Restaurant (Phnom Penh)	DPRK
OTIM SPA	ITALY
Yuantai Fuel Trading	SINGAPORE
Pyongyang (Koryo) Restaurant (Phnom Penh)	CAMBODIA
Politehnica University	DPRK
Yuantai Fuel Trading	Golden Luxury Corporation
Korea Mandae Trading Company (2010)	DPRK
Li Mun-ryang	Create Co., Ltd.
Kim Il Sung University	KWP CC Secretariat Heavy Industry Department
SLOVAKIA	DPRK
Hin Leong	SINGAPORE
Mirae Shipping Shenzen	Mirae Shipping Company, Ltd
Mirae Shipping Shenzen	CHINA
Hin Leong	Yuantai Fuel Trading
Mansudae Overseas Project Group	ZIMBABWE
Yang Bong-rim	Mirae Shipping Shenzen
Nikkai Shoukai	JAPAN
Mansudae Overseas Project Group	MOZAMBIQUE
Mansudae Overseas Project Group	ETHIOPIA
Heping Industrial	OCN (Singapore) Pte Ltd
Scuola Internazionale Superiore di Studi Avanzati	Kim Il Sung University
Mansudae Overseas Project Group	ANGOLA
Mansudae Overseas Project Group	Mansudae Overseas Project Group, Namibia
Scuola Internazionale Superiore di Studi Avanzati	DPRK
Scuola Internazionale Superiore di Studi Avanzati	ITALY
INDONESIA	DPRK
Mediterranean Shipping Company	SWITZERLAND
Headsoon Trading	OCN (Singapore) Pte Ltd
International Centre for Theoretical Physics	ITALY
Virtue Base Development Ltd	Vanguard Shipping Safety Management Consultant Co., Ltd.
Korea Lyeming Shipping Company	DPRK
International Centre for Theoretical Physics	International Atomic Energy Agency
International Centre for Theoretical Physics	DPRK
Environmental Study Centre	Higher Institute of Applied Science and Technology
Environmental Study Centre	SYRIA
Lin Mao	Nikkai Shoukai
Kasatsugu Hiroshi	Ocean Dawning
Kim Kwang-rim	Korea Mining Development Trading Corporation
Ocean Explorer	DPRK
Kasatsugu Hiroshi	Ocean Galaxy
Kasatsugu Hiroshi	Shenghao Marine Hong Kong Ltd
EL SALVADOR	DPRK
Korea Kwanghae Shipping Company	DPRK
Kasatsugu Hiroshi	Ocean Maritime Management Company, Limited
Kasatsugu Hiroshi	Kinyo Shipping Co. Ltd.
MSC Rachele	PANAMA
MSC Rachele	Mediterranean Shipping Company
Kasatsugu Hiroshi	Mirae Shipping (H.K.) Co. Limited
Create Co., Ltd.	Dalian Wanjin Trade Company Limited
MSC Rachele	Environmental Study Centre
Korea Kumunsan Trading Co (2005)	DPRK
Create Co., Ltd.	JAPAN
Taedonggang Clothing Factory	DPRK
BARBADOS	DPRK
Kim Song-il	Dingyuan Zhencheng (Beijing) Trading Co., Ltd.
Highweal Trading	OCN (Singapore) Pte Ltd
Pak In-su	Korea Kwangson Banking Corporation
Kim Song-il	Beijing Dingyuan Dasong Trading Co., Ltd.
Kim Song-il	Rich Lead Trading
Pak In-su	DPRK
Pak In-su	Nice Field International
Kim Song-il	Greenpine International Co., Ltd.
Korea Kumpyo Shipping (1999)	DPRK
Pak In-su	Yang Bong-rim
Pak In-su	Kasatsugu Hiroshi
Kim Song-chol?2?	DPRK
Korean Workers Party	KWP Secretariat
Doctor Logistics Company Limited	Korea Sangmyong General Trading Corporation
Malaysian Coal and Minerals Corporation Sdn Bhd	MALAYSIA
Korean Workers Party	DPRK
AMM Middle East General Trading	SINGAPORE
Malaysian Coal and Minerals Corporation Sdn Bhd	Pak In-su
Albion Commercial Ventures	OCN (Singapore) Pte Ltd
AMM Middle East General Trading	UNITED ARAB EMIRATES
AMM Middle East General Trading	Son Yong-nam
Yun King International	OCN (Singapore) Pte Ltd
Beijing Freesky Aviation Co., Ltd.	DPRK
Korea Kumpit Shipping Company (2011)	DPRK
Rich Lead Trading	DPRK
Beijing Freesky Aviation Co., Ltd.	Beijing General Aviation Co.
Song Myong-gon	KJ Inc., Ltd.
Military Arms Production Department	Korean Workers Party
Korea Kumhae Shipping Company (2010)	DPRK
Kim Kum-ryo	KJ Inc., Ltd.
Pacific Aerospace Ltd.	NEW ZEALAND
Greenpine International Co., Ltd.	DPRK
Machinery Exp. and Imp. Corp.	Reconnaissance General Bureau
Beijing General Aviation Co.	CHINA
Beijing General Aviation Co.	Pacific Aerospace Ltd.
Son Yong-nam	SINGAPORE
Korea Kumgang Trading Company (2001)	DPRK
Song Gwang-sun	KJ Inc., Ltd.
Masikryong Ski resort	DPRK
Korea Ryonha Machinery Joint Venture Corporation	Park Sen-gun
Korea Ryonha Machinery Joint Venture Corporation	YIDA Precision Machinery Company, Ltd
KJ Inc., Ltd.	Doctor Logistics Company Limited
KJ Inc., Ltd.	JAPAN
Korea Ryonha Machinery Joint Venture Corporation	Korea Ryonbong General Corporation
Korea Pioneer Technology Company Ltd.	DPRK
MKP Myanmar	MYANMAR
Gu Baofu	Chang An Shipping & Technology Ltd.
Korea Kumgang Shipping Company (2003)	DPRK
Hyoksin Trading Corporation	Pan Systems Pte., Ltd. (Pyongyang Branch)
Doppelmayr Seilbahnen GmbH	Masikryong Ski resort
Lyonghung Trading	DPRK
Korea Ryongwang Trading Corporation	Korea Ryonbong General Corporation
HK Conie Technology Co., Ltd.	CHINA
Chang An Shipping & Technology Ltd.	Hua Fu
Shenyang Xingyuxin Auto Accessories Firm	CHINA
HK Conie Technology Co., Ltd.	BRITISH VIRGIN ISLANDS
HK Conie Technology Co., Ltd.	Korea Pioneer Technology Company Ltd.
Shenyang Xingyuxin Auto Accessories Firm	Lyonghung Trading
Sun Chengguo	Chang An Shipping & Technology Ltd.
China Transcomm Technologies	Reconnaissance General Bureau
Korea Pugang Trading Corporation	Korea Ryonbong General Corporation
Sun Chengguo	Pan Wei Chao
Sun Chengguo	Jingao Dalin Trading Co. Ltd
Korea Kumbyol Trading Company	DPRK
Mubong Trading Co.	DPRK
Sun Chengguo	Dandong Jingao Trading Co. Ltd
Komatsu Kiyoshi	Fukuyama Shoukai
Mubong Trading Co.	Pan Systems Pte., Ltd. (Pyongyang Branch)
E Chengwen	Microfly Engineering & Technology
Ugandan People's Defense Force, Air Force	Ugandan People's Defense Force
Abe Hideaki	Advance Auto
E Chengwen	RedChina Geosystems (Beijing) Co., Ltd.
E Chengwen	Maikaifei Engineering & Technology (Hong Kong) Co., Ltd.
Advance Auto	Dalian Global Unity Shipping Company Limited
Advance Auto	JAPAN
Kumbong Trading Co.	DPRK
Kumbong Trading Co.	Pan Systems Pte., Ltd. (Pyongyang Branch)
Dandong Jingao Trading Co. Ltd	Chang An Shipping & Technology Ltd.
Dandong Jingao Trading Co. Ltd	Jingao Dalin Trading Co. Ltd
Korea Kuksan Shipping Company (2009)	DPRK
Hungbal Trading Co.	DPRK
Ri Jong-ui	Koryo Commercial Bank Limited
Ri Jong-ui	Ryugyong Commercial Bank
Hungbal Trading Co.	Pan Systems Pte., Ltd. (Pyongyang Branch)
Korea Kangsong (2013)	DPRK
Senat Shipping Agency Pte Ltd	Senat Shipping Limited
Senat Shipping Agency Pte Ltd	Ocean Maritime Management Company, Limited
Reconnaissance General Bureau	Lazarus Group
Reconnaissance General Bureau	Daedong Credit Bank
Senat Shipping Agency Pte Ltd	SINGAPORE
Ri Ho-nam	Ryugyong Commercial Bank, Beijing
Reconnaissance General Bureau	Top Energy Institute
Reconnaissance General Bureau	MSC Rachele
Ri Ho-nam	Ryugyong Commercial Bank
Senat Shipping Limited	Dawnlight
Reconnaissance General Bureau	Korean People's Army
Reconnaissance General Bureau	Korea Mechanical Industry Co. Ltd.
Senat Shipping Limited	Ocean Maritime Management Company, Limited
Senat Shipping Limited	SINGAPORE
Reconnaissance General Bureau	Environmental Study Centre
Air Koryo	Korean People's Army
Fukuyama Shoukai	Dalian Global Unity Shipping Company Limited
Fukuyama Shoukai	Advance Auto
Air Koryo	MODA Authority International Optronic
Air Koryo	Civil Aviation Bureau
Fukuyama Shoukai	JAPAN
Senat Shipping & Trading Pte Ltd	Dawnlight
Air Koryo	Seajet Company Limited
CANADA	RedChina Geosystems (Beijing) Co., Ltd.
Senat Shipping & Trading Pte Ltd	Senat Shipping Limited
Senat Shipping & Trading Pte Ltd	Senat Shipping Agency Pte Ltd
Unnamed Bank 2	MALAYSIA
Korea Kangsong Trading Co (2011)	DPRK
Senat Shipping & Trading Pte Ltd	Ocean Maritime Management Company, Limited
Senat Shipping & Trading Pte Ltd	SINGAPORE
Korea Mechanical Industry Co. Ltd.	Air Koryo
Microfly Engineering & Technology	RedChina Geosystems (Beijing) Co., Ltd.
Li Jong-mi	Secoro Corporation
Development Bank of Singapore	Overseas-Chinese Banking Corporation Limited Singapore
Microfly Engineering & Technology	Xue Qiang
Korea Kangsong General Trading Co. (2000)	DPRK
SCN Singapore Pte Ltd	Overseas-Chinese Banking Corporation Limited Singapore
SCN Singapore Pte Ltd	OCN (Singapore) Pte Ltd
Korea Jonsung Trading (2011)	DPRK
Tanchon Commercial Bank	SYRIA
SCN Singapore Pte Ltd	T Specialist International (Singapore) Pte Ltd
SCN Singapore Pte Ltd	Daedong Credit Bank
Tanchon Commercial Bank	Korea Mining Development Trading Corporation
Tanchon Commercial Bank	Second Economic Committee
Park Kang-pyong	Secoro Corporation
Chungu Jin	Ocean Maritime Management Company, Dalian
Tanchon Commercial Bank	Central Bank DPRK
Tanchon Commercial Bank	Reconnaissance General Bureau
OCN Shipping Hong Kong	DPRK
Ocean Maritime Management Company, Kuala Lumpur	MALAYSIA
Korea Jinsong Shipping Co (2009)	DPRK
CZECH REPUBLIC	Microfly Engineering & Technology
Ocean Maritime Management Company, Kuala Lumpur	Ocean Maritime Management Company, Limited
Kim Yong-son	Advance KY Corporation
CZECH REPUBLIC	Maikaifei Engineering & Technology (Hong Kong) Co., Ltd.
Ryugyong Commercial Bank, Pyongyang	Ryugyong Commercial Bank
Kim Yong-son	Secoro Corporation
Advance KY Corporation	Secoro Corporation Pyongyang Office
Korea Kwangson Banking Corporation	Daedong Credit Bank
Korea Kwangson Banking Corporation	Foreign Trade Bank DPRK
Advance KY Corporation	JAPAN
Dalian port	Pyongyang Bugsae Department Stores
Korea Kwangson Banking Corporation	Central Bank DPRK
Korea Kwangson Banking Corporation	Tanchon Commercial Bank
Sunlight Agency	Tonghae Shipping Co., Representative Office in Egypt
Sunlight Agency	EGYPT
Korea Kwangson Banking Corporation	MYANMAR
Korea Kwangson Banking Corporation	Korea Mining Development Trading Corporation
Sunlight Agency	Ocean Maritime Management Company, Limited
Pinnacle International Distribution (HK) Company Ltd	Dalian port
RedChina Geosystems (Beijing) Co., Ltd.	Zhu Zhong Xian
RedChina Geosystems (Beijing) Co., Ltd.	Zhao Dewen
Ocean Maritime Management Company, Shenzen	Ocean Maritime Management Company, China
Secoro Corporation	Secoro Corporation Pyongyang Office
RedChina Geosystems (Beijing) Co., Ltd.	CHINA
RedChina Geosystems (Beijing) Co., Ltd.	Reconnaissance General Bureau
Secoro Corporation	JAPAN
Ocean Maritime Management Company, Hong Kong	Ocean Maritime Management Company, China
Korea Jinhung 8 Shipping Co (2011)	DPRK
Pan Ocean Investments Ltd.	OCN (Singapore) Pte Ltd
Zhao Dewen	Zhu Zhong Xian
Dalian Global Unity Shipping Company Limited	Shenyang Xingyuxin Auto Accessories Firm
Pan Ocean Investments Ltd.	CHINA
Shenzen airport	CHINA
Dalian Global Unity Shipping Company Limited	Korea Computer Center
Dalian Global Unity Shipping Company Limited	Pyongyang Informatics Centre
Hongdae International Ltd.	OCN (Singapore) Pte Ltd
Hongdae International Ltd.	Development Bank of Singapore
Wang Zhi Guo	Pinnacle Offshore Trading
Wang Zhi Guo	OCN (Singapore) Pte Ltd
Korea Jinhung Shipping Co (2002)	DPRK
Chew Ronghao, Morgan	Lagun Sari Wedding & catering Services Pte Ltd
Wang Zhi Guo	Pinnacle International Distribution (Singapore) Pte Ltd
Wang Zhi Guo	Lagun Sari Wedding & catering Services Pte Ltd
MODA Authority International Optronic	EGYPT
Korea International Chemical Joint Venture Company	Chosen Soren
Wang Zhi Guo	OCN Shipping Hong Kong
Wang Zhi Guo	Pinnacle International Distribution (HK) Company Ltd
Korea International Chemical Joint Venture Company	JAPAN
Korea International Chemical Joint Venture Company	Korea Ryonbong General Corporation
Wang Zhi Guo	T Specialist International (Singapore) Pte Ltd
Ocean Maritime Management Company, China	Ocean Maritime Management Company, Limited
Ryongsong Trading Co., Ltd.	MODA Authority International Optronic
Ryongsong Trading Co., Ltd.	Air Koryo
Ocean Maritime Management Company, China	CHINA
Ri Ik	Tongbang Bank
Ng Shi Yi, Trina	Lagun Sari Wedding & catering Services Pte Ltd
Korea Jamaedo Shipping Company	DPRK
Ri Ik	Foreign Trade Bank DPRK
Ri Ik	UNITED KINGDOM
Ryugyong Commercial Bank	Pyongyang Bugsae Department Stores
Ryugyong Commercial Bank	Koryo Commercial Bank Limited
Ri Ik	SWITZERLAND
Ri Ik	SINGAPORE
Ryugyong Commercial Bank	OCN (Singapore) Pte Ltd, Pyongyang office
Macao airport	CHINA
Ri Ik	PAKISTAN
Ri Ik	MALAYSIA
Korea J.S. Shipping Company (2004)	DPRK
Ng Shi Yi, Tania	Lagun Sari Wedding & catering Services Pte Ltd
Ri Ik	DPRK
Ri Ik	OCN (Singapore) Pte Ltd
Khabarovsk airport	RUSSIA
SWITZERLAND	China Transcomm Technologies
Ri Ik	Daedong Credit Bank
Ri Ik	OCN (Singapore) Pte Ltd, Pyongyang office
SWITZERLAND	RedChina Geosystems (Beijing) Co., Ltd.
Rungrado Trading Corporation	DPRK
Ri Sun-gi	Popura-Tec Inc.
OCN (Singapore) Pte Ltd, Pyongyang office	OCN (Singapore) Pte Ltd
Moscow airport	RUSSIA
Korea Ikal Shipping (2003)	DPRK
Kim Song-chol	MOZAMBIQUE
Kim Song-chol	Korea Mining Development Trading Corporation, Maputo
Piao Chengyuan	Dalian Union International Trading Co., Ltd.
Piao Chengyuan	Dandong Yongxinghe Trade Co., Ltd.
Kim Song-chol	SYRIA
Kim Song-chol	EGYPT
Piao Chengyuan	Dandong Union Trading Co., Ltd.
Korea Ryonbong General Corporation	DPRK
Kim Song-chol	Korea Mining Development Trading Corporation
Kim Song-chol	Korea Mining Development Trading Corporation, Khartoum
Tan Chor Kheng	Lagun Sari Wedding & catering Services Pte Ltd
Tan Nguan Keng MDM	Lagun Sari Wedding & catering Services Pte Ltd
Korea Computer Center	DPRK
Kang Myong-chol	UNITED ARAB EMIRATES
Korea Heungsong (2003)	DPRK
Dalian airport	CHINA
Kang Myong-chol	VIETNAM
Kang Myong-chol	UGANDA
Kohas AG	SWITZERLAND
Kohas AG	Korea Ryonbong General Corporation
Kang Myong-chol	IRAN
Kang Myong-chol	Korea Mining Development Trading Corporation
Dandong Union Trading Co., Ltd.	Korea Taesong Trading Company, Dalian
Dandong Union Trading Co., Ltd.	CHINA
Kang Myong-chol	Korea Mining Development Trading Corporation, Khartoum
Pyongyang Bugsae Department Stores	Daedong Credit Bank
Korea Gumbong Shipping Company	DPRK
Pan Guowei	Lagun Sari Wedding & catering Services Pte Ltd
Pyongyang Bugsae Department Stores	DPRK
Pyongyang Informatics Centre	DPRK
Ma Gewen	Piao Chengyuan
Ma Gewen	Korea Kumryong Trading Corporation
TTAT Investment Pte Ltd	T Specialist International (Singapore) Pte Ltd
Popura-Tec Inc.	Dalian Global Unity Shipping Company Limited
Ma Gewen	Leader (Hong Kong) International
Ma Gewen	Dandong Union Trading Co., Ltd.
Popura-Tec Inc.	JAPAN
Ko Hu Feng	Lagun Sari Wedding & catering Services Pte Ltd
Ma Gewen	Dandong Yongxinghe Trade Co., Ltd.
Kang Nam 1	Korea Kumrung Trading Company Limited
Ko Hu Feng	T Specialist International (Singapore) Pte Ltd
Ko Hu Feng	OCN (Singapore) Pte Ltd
Kang Nam 1	DPRK
Kang Nam 1	MYANMAR
Sudan Master Technology Engineering Company	Korea Mining Development Trading Corporation
Korea Kyong Hung Trading Company	DPRK
Li Hong Ri	Dandong Yongtong
Li Hong Ri	Piao Chengyuan
Chew Ng Sew	Lagun Sari Wedding & catering Services Pte Ltd
Chew Ng Sew	T Specialist International (Singapore) Pte Ltd
Li Hong Ri	Korea Kumryong Trading Corporation
Li Hong Ri	Leader (Hong Kong) International
Chosun Keuncheon Technology Trade Company	Sudan Master Technology Engineering Company
Chosun Keuncheon Technology Trade Company	Korea Mining Development Trading Corporation
Li Hong Ri	Dandong Yongxinghe Trade Co., Ltd.
Li Hong Ri	Sunny (Hong Kong) Int'l Development Co., Limited
Kim Ju-sop	Kanai Shouji Inc.
Kanai Shouji Inc.	Korea Kyong Hung Trading Company
DCB Finance Ltd.	Daedong Credit Bank
DCB Finance Ltd.	BRITISH VIRGIN ISLANDS
Kanai Shouji Inc.	JAPAN
Ng Kheng Wah	Pinnacle International Distribution (Singapore) Pte Ltd
Korea Green Leaves Shipping (2006)	DPRK
Vladivostok airport	RUSSIA
Ng Kheng Wah	Pinnacle International Distribution (HK) Company Ltd
Ng Kheng Wah	Lagun Sari Wedding & catering Services Pte Ltd
Pinnacle International Distribution (Singapore) Pte Ltd	Ri Ik
Korea Daesong Shipping Company	DPRK
Ng Kheng Wah	T Specialist International (Singapore) Pte Ltd
Ng Kheng Wah	OCN (Singapore) Pte Ltd
Sunny (Hong Kong) Int'l Development Co., Limited	CHINA
Hwang Sok-hwa	General Bureau of Atomic Energy
Ng Kheng Ing	OCN (Singapore) Pte Ltd
Korea National Insurance Corporation	Ocean Maritime Management Company, Limited
Kim Chol-sam	Daedong Credit Bank, China Rep
Kim Chol-sam	Unnamed Chinese Bank 1
Korea National Insurance Corporation	Air Koryo
Korea National Insurance Corporation	Chinpo Shipping Company Pte., Ltd.
Kim Chol-sam	Daedong Credit Bank
Kim Chol-sam	Pan Ocean Investments Ltd.
Korea National Insurance Corporation	Korea National Insurance Corporation, Germany
Unnamed DPRK National 1	Unnamed Singaporean Supplier 1
Kim Chol-sam	Hongdae International Ltd.
Kim Chol-sam	DCB Finance Ltd.
External Economic Committee	Cabinet DPRK
Unnamed Singaporean Supplier 1	Unnamed Singaporean Bank 1
Kim Chol-sam	Dalian Daxing Electronics
Kim Chol-sam	Daedong Credit Bank, Dalian Rep Office
Korea Ponghwa General Corporation	Complant International Transportation (Dalian) Company Ltd.
Korea Ponghwa General Corporation	North East Asia Bank
Korea Daesan Shipping Company (2006)	DPRK
Beijing airport	CHINA
Korea Ponghwa General Corporation	Korea National Insurance Corporation
Korea Ponghwa General Corporation	Korea Kumgang Group
Korea Daehung Transportation Trading Company (2006)	DPRK
Hesong Trading Company	Korea Mining Development Trading Corporation
Korea Ponghwa General Corporation	External Economic Committee
Unnamed New York Bank 1	Unnamed Singaporean Bank 1
Dandong Yongxinghe Trade Co., Ltd.	Korea Taesong Trading Company, Dalian
Korea Ryongaksan General Trading Corporation	DPRK
Sama Industrial Corporation HK	OCN (Singapore) Pte Ltd
Sama Industrial Corporation HK	Unnamed New York Bank 1
Dalian Union International Trading Co., Ltd.	Sunny (Hong Kong) Int'l Development Co., Limited
Dalian Union International Trading Co., Ltd.	CHINA
Sama Industrial Corporation HK	Unnamed Chinese Bank 1
Ri Phyong-gu	Petrel Shipping Co. Ltd.
Dalian Union International Trading Co., Ltd.	Unnamed Vessel 2
Korea Daehung Shipping Company (1999)	DPRK
BRITISH VIRGIN ISLANDS	UNITED KINGDOM
Association of Korea Traders and Industrialists	JAPAN
Pyongyang airpoprt	Shenzen airport
Pyongyang airpoprt	Macao airport
Association of Korea Traders and Industrialists	Chosen Soren
Petrel Shipping Co. Ltd.	Dalian Sea Glory Shipping Company Limited
Pyongyang airpoprt	Khabarovsk airport
Pyongyang airpoprt	Moscow airport
Petrel Shipping Co. Ltd.	Li Anshan
Petrel Shipping Co. Ltd.	Ministry of Land and Maritime Transportation DPRK
Pyongyang airpoprt	Dalian airport
Pyongyang airpoprt	Vladivostok airport
Petrel Shipping Co. Ltd.	Benevolence 2
Petrel Shipping Co. Ltd.	CHINA
Pyongyang airpoprt	Beijing airport
Pyongyang airpoprt	DPRK
Petrel Shipping Co. Ltd.	DPRK
Petrel Shipping	Chon Bong
(Korea) Daebong Shipping Company (2003)	DPRK
Unnamed Vessel 2	Mechanical Systems
Petrel Shipping	BRITISH VIRGIN ISLANDS
Petrel Shipping	Petrel Shipping Co. Ltd.
Han Yu-ro	Korea Ryongaksan General Trading Corporation
Korea Buhung Shipping Company (1998)	Chinpo Shipping Company Pte., Ltd.
Grand Lady	CAMBODIA
Grand Lady	DPRK
Korea Buhung Shipping Company (1998)	DPRK
Korea Kumryong Trading Corporation	DPRK
Malaysia Korea Partners	MKP Myanmar
Malaysia Korea Partners	Korea Kwangson Banking Corporation
Korea Kumryong Trading Corporation	Leader (Hong Kong) International
Korea Kumryong Trading Corporation	Korea Mineral General Trading Corporation
Malaysia Korea Partners	Reconnaissance General Bureau
Malaysia Korea Partners	Mansudae Overseas Project Group
TAIWAN	Dandong Yongxinghe Trade Co., Ltd.
Sinsar Trading Ltd.	SINGAPORE
Malaysia Korea Partners	MALAYSIA
Chun Yang 7	CAMBODIA
Korea Mining Development Trading Corporation	Hussein al-Ali
Korea Mining Development Trading Corporation	Cheng Tong Trading Co. Ltd.
Chun Yang 7	DPRK
Haegueumgang Trading Corporation	DPRK
Korea Mining Development Trading Corporation	Korea Mining Development Trading Corporation, Khartoum
Korea Mining Development Trading Corporation	Pan Systems Pte., Ltd. (Pyongyang Branch)
Dong Kun 6	CAMBODIA
Dong Kun 6	DPRK
Korea Mining Development Trading Corporation	Mansudae Overseas Project Group
Korea Mining Development Trading Corporation	Korea Mining Development Trading Corporation, Damascus
Ministry of People's Armed Forces DPRK	Cabinet DPRK
Ilsim International Bank	Korea Kwangson Banking Corporation
Korea Mining Development Trading Corporation	Korea Mining Development Trading Corporation, Tehran
Korea Mining Development Trading Corporation	Korea Mining Development Trading Corporation, Moscow
Ilsim International Bank	Central Bank DPRK
Ilsim International Bank	Ministry of People's Armed Forces DPRK
Korea Mining Development Trading Corporation	Korea Mining Development Trading Corporation, Beijing
Korea Mining Development Trading Corporation	Green Pine Associated Corporation
Grand Union	CAMBODIA
Grand Union	DPRK
Korea Mining Development Trading Corporation	Pacific International Lines
Korea Mining Development Trading Corporation	Reconnaissance General Bureau
Princess Yachts International Plc	DPRK
State Council	CHINA
Korea Mining Development Trading Corporation	Amroggang Development Bank
Pak Gyong-su	Korean Committee for Space Technology
Mouvement du 23 mars	DPRK
Korea Pusong Corporation	Second Economic Committee
I-Tech Intelligence Resources	SINGAPORE
Korea Ansan Shipping Company	DPRK
Korea Pusong Corporation	Korea Ryongwang Trading Corporation
Korea Pusong Corporation	Korean People's Army
Korea Amnokgang Trading Company (1999)	DPRK
Pae Cho'n-haek	Korean Committee for Space Technology
Korea Pusong Corporation	Megatrade
Korea Pusong Corporation	Unnamed Russian Truck Manufacturer
Miracle Commerce Pte. Ltd.	SINGAPORE
Miracle Commerce Pte. Ltd.	First Credit Bank
JAPAN	China Transcomm Technologies
JAPAN	RedChina Geosystems (Beijing) Co., Ltd.
Miracle Commerce Pte. Ltd.	Korean Workers Party
Kim Gun-song	General Satellite Control and Command Centre
JAPAN	Dandong Yongxinghe Trade Co., Ltd.
JAPAN	Pan Jong-thae
Korea 56 Trading Company (1999)	DPRK
Kimchaek Fishery Station (1985)	DPRK
Chosen Soren	JAPAN
Chosen Soren	First Trust Bank Corporation
Kim Cho'n-ho	Korean Committee for Space Technology
Jonjin Shipping Co. Ltd.	Ocean Maritime Management Company, Limited
Unnamed Russian Truck Manufacturer	RUSSIA
MONGOLIA	DPRK
Jonjin Shipping Co. Ltd.	DPRK
DPRK	SOUTH AFRICA
Ryom Yong-chol	Tongbang Bank, Kuala Lumpur
Ryom Yong-chol	Korea Chonbok Trading Corporation
DPRK	HONDURAS
DPRK	BOLIVIA
Heavy Industry Department	Korean Workers Party
Korea Chonbok Trading Corporation	Tongbang Bank, Kuala Lumpur
DPRK	SERBIA
DPRK	Army Supply Bureau
Korea Chonbok Trading Corporation	DPRK
Korea Kumsok Trading Corporation	DPRK
DPRK	Hamah CW plant
DPRK	Adra missile base
Korea Kumsok Trading Corporation	Wan Hai 313
Ministry of Defense and Military Production Egypt	EGYPT
DPRK	Barzah CW Plant
DPRK	Mazzah AFB
Orabank	Orascom
Orabank	Central Bank DPRK
DPRK	Sun Union
DPRK	Brigt Australia Pty Ltd
Korea Ferrous Metals Export and Import Corporation	DPRK
Korea Ferrous Metals Export and Import Corporation	Wan Hai 313
DPRK	Kum Ya
DPRK	Tai An
Ministry of Food Procurement and Administration DPRK	Cabinet DPRK
Ku Ja-hyong	UNITED ARAB EMIRATES
DPRK	VIETNAM
DPRK	ROK
KPA Strategic Rocket Force	Korean People's Army
Kim Rak-gyom	KPA Strategic Rocket Force
DPRK	NICARAGUA
DPRK	MOZAMBIQUE
Choe Chun-sik	Second Academy of Natural Sciences
Korea Kumgang Group Bank	Korea Ponghwa General Corporation
DPRK	COLOMBIA
DPRK	Asia Metallurgical Company Ltd.
Korea Kumgang Group Bank	Central Bank DPRK
First Trust Bank Corporation	RUSSIA
DPRK	MEXICO
DPRK	EGYPT
First Trust Bank Corporation	Central Bank DPRK
Korea Daesong General Trading Corporation	Korea Daesong General Trading Corporation, Qingdao
DPRK	SRI LANKA
DPRK	IRELAND
Korea Daesong General Trading Corporation	CHINA
Korea Daesong General Trading Corporation	KWP CC Secretariat Office No. 39 (Covert Finance)
DPRK	FRANCE
DPRK	COSTA RICA
Kim In-cheol	Korean Committee for Space Technology
Hyon Kwan-gil	Korean Committee for Space Technology
DPRK	Seajet Company Limited
DPRK	Pong Su
Chinese Commercial Bank	China Gold Trade Exchange (Dalian)  Co., Ltd.
Chinese Commercial Bank	Central Bank DPRK
DPRK	LIBYA
DPRK	Cranford Trading
GST Ukraine	UKRAINE
MINISO, Pyongyang	MINISO, China
DPRK	MV San Francisco Bridge
DPRK	MSC Rachele
Jong Tong-gil	Korean Committee for Space Technology
Undok Trading Co. (Undook Bank)	KWP CC Secretariat Heavy Industry Department
DPRK	Victory 3
DPRK	So San
Ilyushin-76 3426765	Top Energy Institute
MINISO, China	Korea Jinhwa Joint Corporation
DPRK	Kuwolsan
Mun Chong-chol	Tanchon Commercial Bank
MINISO, China	MINISO
Yun Chang-hyok	Korean Committee for Space Technology
Yu Ch'o'l-u	Korean Committee for Space Technology
Jipsam Shipping Company (2008)	DPRK
Union Top Management Ltd.	CHINA
Union Top Management Ltd.	Ilyushin-76 3426765
INDIA	DPRK
Jatnamu Shipping Company Limited (2001)	DPRK
MINISO	Miyake Junya
MINISO	Ye Guofu
First Eastern Bank	Central Bank DPRK
Centre for Space Science and Technology Education	INDIA
MINISO	JAPAN
General Satellite Control and Command Centre	Yun Chang-hyok
Bi Ro Bong	Yanghwa Fishery Station
Bi Ro Bong	DPRK
Nam Chengyi	MINISO, China
Nam Chengyi	North Korean Economic Cooperation Council, Dandong
Kim Se-gon	Joint Institute for Nuclear Research
Kim Se-gon	DPRK Embassy Moscow
UNITED ARAB EMIRATES	Kim Song-chol?2?
Korean Committee for Space Technology	MALAYSIA
Italy Unaforte	Unaforte Limited, Hong Kong
Italy Unaforte	Rason Unaforte Limited Co.
Korean Committee for Space Technology	Centre for Space Science and Technology Education
Korean Committee for Space Technology	Cabinet DPRK
Italy Unaforte	First Eastern Bank
Italy Unaforte	Unaforte, Yanbian
Korean Committee for Space Technology	General Satellite Control and Command Centre
North Korean Economic Cooperation Council, Dandong	North Korean Economic Cooperation Council
Italy Unaforte	CHINA
Kim Sang-ho	KWP CC Secretariat Office No. 39 (Covert Finance)
O Kum-chol	Joint Institute for Nuclear Research
Overseas Cargo FZE	UNITED ARAB EMIRATES
Kim Sang-ho	Korea Daesong General Trading Corporation
Kim Sang-ho	Korea Daesong Bank
Overseas Cargo FZE	Air West Company
Korean Mechanical Industry Co. Ltd.	DPRK
Jon Myong-chol	Joint Institute for Nuclear Research
Jon Myong-chol	DPRK Embassy Moscow
Korean Mechanical Industry Co. Ltd.	Air West Company
Song Hye-rim	Joint Institute for Nuclear Research
Ri Man-gon	Military Arms Production Department
Hyoksin Shipping Co. Ltd.	Ocean Maritime Management Company, Limited
North Korean Economic Cooperation Council	DPRK
Korea General Trading Corporation	Air West Company
Hyoksin Shipping Co. Ltd.	DPRK
Wang Yu	China Gold Trade Exchange (Dalian)  Co., Ltd.
Korea General Trading Corporation	DPRK
OCN (Singapore) Pte Ltd	Ohayo International
Choe Chun-yong	Ilsim International Bank
Cao Zhu Li	China Gold Trade Exchange (Dalian)  Co., Ltd.
OCN (Singapore) Pte Ltd	Lagun Sari Wedding & catering Services Pte Ltd
OCN (Singapore) Pte Ltd	Daedong Credit Bank
Hwa Song Shipping Company Limited (2001)	DPRK
Liaosin Group	Shenyang Plastic Product Co., Ltd.
OCN (Singapore) Pte Ltd	Pyongyang Bugsae Department Stores
OCN (Singapore) Pte Ltd	T Specialist International (Singapore) Pte Ltd
Liaosin Group	Shenyang Regal Trading Co., Ltd.
Liaosin Group	Dalian Super Science and Trade Co.
OCN (Singapore) Pte Ltd	DPRK
Hong Mi-dok	Rim Yong-chol
Liaosin Group	CHINA
Amroggang Development Bank	Tanchon Commercial Bank
Hong Mi-dok	Joint Institute for Nuclear Research
Ri Yong-suk	Ryu Pong-sik
Amroggang Development Bank	Central Bank DPRK
Amroggang Development Bank	Commerzbank AG
Ri Yong-suk	Joint Institute for Nuclear Research
T Specialist International (Singapore) Pte Ltd	Changzhou Jesinson Trading Co.
Global Interface Company Inc.	TAIWAN
Global Interface Company Inc.	Korea Mining Development Trading Corporation
T Specialist International (Singapore) Pte Ltd	Tianjin Lomgshengweida Import & Export Co., Ltd.
T Specialist International (Singapore) Pte Ltd	Ohayo International
Hong Kong Real Friend Co., Limited	Millim Technology Company
Hong Kong Real Friend Co., Limited	CHINA
T Specialist International (Singapore) Pte Ltd	Ri Ho-nam
T Specialist International (Singapore) Pte Ltd	Development Bank of Singapore
Kumgyo International Commercial Bank	Chinese Commercial Bank
Kumgyo International Commercial Bank	First Eastern Bank
T Specialist International (Singapore) Pte Ltd	Daedong Credit Bank
T Specialist International (Singapore) Pte Ltd	Pinnacle International Distribution (HK) Company Ltd
Kumgyo International Commercial Bank	Menggelyk OOO
Kumgyo International Commercial Bank	CHINA
T Specialist International (Singapore) Pte Ltd	DPRK
Rim Yong-chol	Joint Institute for Nuclear Research
Kumgyo International Commercial Bank	Korea Chongsong Mining Corporation
Kumgyo International Commercial Bank	China Inner Mongolia Horizon (Hong Yuan) International Trade Corporation, Ltd.
KWP CC Secretariat Finance & Accounting Department	Korea Kwangson Banking Corporation
Ryu Pong-sik	Joint Institute for Nuclear Research
Kumgyo International Commercial Bank	Central Bank DPRK
Haesong Shipping Company (1985)	DPRK
Mansudae Boka Design Company	Reconnaissance General Bureau
Mansudae Boka Design Company	Green Pine Associated Corporation
Falmouth Shipping & Trading S.A. (2005)	DPRK
Alex H. T. Tsai	Trans Multi Mechanics Co., Ltd.
Mansudae Boka Design Company	Mansudae Overseas Project Group
Pak Ben-seb	Joint Institute for Nuclear Research
Alex H. T. Tsai	Global Interface Company Inc.
National Defence Commission	Korean Workers Party
ETHIOPIA	DPRK
Ethiopian Airlines	D.G.E. Corporation
Ryu Jin	Tanchon Commercial Bank
Ryu Jin	Tosong Technology Trading Corporation
Ethiopian Airlines	ETHIOPIA
Hwan Sok-hwa	Joint Institute for Nuclear Research
Ryu Jin	Army Supply Bureau
Ryu Jin	UGANDA
Mansudae Ordinance Supplies	Reconnaissance General Bureau
Mansudae Ordinance Supplies	Green Pine Associated Corporation
Ryu Jin	Korea Mining Development Trading Corporation, Damascus
Ryu Jin	SYRIA
Mansudae Ordinance Supplies	Mansudae Overseas Project Group
Seajet Company Limited	USA
Ryu Jin	Korea Mining Development Trading Corporation
Korea Moran Shipping Company	DPRK
Seajet Company Limited	Liaoning Danxing International Forwarding Co.
Seajet Company Limited	Ethiopian Airlines
Kim Kyu	Korea Mining Development Trading Corporation
China Gold Trade Exchange (Dalian)  Co., Ltd.	CHINA
Kim Son-hyok	Joint Institute for Nuclear Research
Joint Institute for Nuclear Research	RUSSIA
China Gold Trade Exchange (Dalian)  Co., Ltd.	China Gold Trade Exchange (Dalian)  Co., Ltd., Hunchun
China Gold Trade Exchange (Dalian)  Co., Ltd.	China Gold Trade Exchange (Dalian)  Co., Ltd., Dandong
KWP CC Secretariat Specialized Departments	KWP CC Secretariat Construction Department
KWP CC Secretariat Specialized Departments	KWP CC Secretariat Directors' Department
Kil Jong-hun	Korea Mining Development Trading Corporation
Mi Yang 7	Korea Miyang Shipping Company Limited
KWP CC Secretariat Specialized Departments	KWP CC Secretariat Heavy Industry Department
KWP CC Secretariat Specialized Departments	KWP CC Secretariat Finance & Accounting Department
Koryo Restaurant (Ho Chi Minh city)	DPRK
Koryo Restaurant (Ho Chi Minh city)	VIETNAM
KWP CC Secretariat Specialized Departments	KWP CC Secretariat Office No. 39 (Covert Finance)
KWP CC Secretariat Specialized Departments	KWP CC Secretariat Office No. 38 (Overt Finance)
Jong Young-su	Great Star International Ltd.
Mokran Korean Restaurant	DPRK
KWP CC Secretariat Specialized Departments	KWP CC Secretariat Office No. 35 (Intelligence)
D.G.E. Corporation	Kim Kwang-nam
First Credit Bank, Beijing	First Credit Bank
Kang Ryong	UGANDA
KWP Secretariat	KWP CC Secretariat Specialized Departments
Jong Kuk-chol	DPRK
Kang Ryong	EGYPT
Kang Ryong	SYRIA
Jong Kuk-chol	Korea Mining Development Trading Corporation, Kampala
CMA CGM Otello	D.G.E. Corporation
Kang Ryong	Korea Mining Development Trading Corporation, Damascus
Taedonggang Sonbak Company Limited (2004)	Ocean Maritime Management Company, Limited
Korea Mining Development Trading Corporation, Kampala	Korea Mining Development Trading Corporation
Yu Kyong-jin	DPRK
Taedonggang Sonbak Company Limited (2004)	DPRK
Great Star International Ltd.	CHINA
Yu Kyong-jin	Korea Mining Development Trading Corporation, Kampala
Choe Yong-jun	Second Academy of Natural Sciences
Great Star International Ltd.	International Bank of Martial Arts
Pyongyang Okryu Restaurant (Bangkok)	DPRK
Choe Chol-hwan	Second Academy of Natural Sciences
General Organization for Engineering Industries	Scientific Studies and Research Centre
Pyongyang Okryu Restaurant (Bangkok)	THAILAND
Star Joint Venture Company	DPRK
Shanghai Jiayun Investment	CHINA
Tong Hung 1	CHINA
International Bank of Martial Arts	CHINA
International Bank of Martial Arts	Central Bank DPRK
Tong Hung 1	Shanghai Jiayun Investment
Tong Hung 1	Tong Hung Shipping & Trading Co. Ltd. (2011)
First Credit Bank, Shanghai	First Credit Bank
Ko Tae-hun	Tanchon Commercial Bank
Mechanical Construction Factory	Scientific Studies and Research Centre
Wonbong Trading Co.	CHINA
Jang Yong-son	UNITED ARAB EMIRATES
Jang Yong-son	IRAN
Wonbong Trading Co.	Reconnaissance General Bureau
Yona Star International	SYRIA
Jang Yong-son	Korea Mining Development Trading Corporation, Tehran
Ryugyong Corporation	DPRK
Han Il	Yona Star International
Han Il	Namhung Trading Corporation, Beijing
Hwang Su-man	EGYPT
Hwang Su-man	Korea Mining Development Trading Corporation
Paek Hak San	Si Wan Fung Sea Going International Holding Limited
Kim Sung-su	Pan Systems Pte., Ltd. (Pyongyang Branch)
Jang Song-chol	RUSSIA
Jang Song-chol	Korea Mining Development Trading Corporation, Moscow
Kim Sung-su	Pan Systems Beijing
Kim Pyong-chol	Pan Systems Pte., Ltd. (Pyongyang Branch)
Lucky Green Bird Pte. Ltd	SINGAPORE
Ilsim International Bank, Zhuhai Office	Ilsim International Bank
Kim Pyong-chol	Pan Systems Beijing
China Delixi Group, Pyongyang office	Mechanical Systems
Moses Wang	Winning International Consulting Group Co, Limited
Taesong BAT	Ryugyong Corporation
DPRK Permanent Mission Geneva	Ministry of Foreign Affairs DPRK
Pan Systems Beijing	CHINA
Taesong BAT	Lucky Green Bird Pte. Ltd
Taesong BAT	SINGAPORE
Pan Systems Beijing	Pan Systems Pte., Ltd. (Pyongyang Branch)
China Delixi Group	China Delixi Group, Pyongyang office
Daewon Shipping & Management (2008)	DPRK
Ri Won-ho	MOZAMBIQUE
China Delixi Group	CHINA
Ryang Su-nyo	Daedong Credit Bank
Ri Won-ho	Korea Mining Development Trading Corporation, Maputo
Ri Won-ho	EGYPT
Ryang Su-nyo	Kim Pyong-chol
Ryang Su-nyo	Reconnaissance General Bureau
Ri Won-ho	SYRIA
Ri Won-ho	Korea Mining Development Trading Corporation
Ryang Su-nyo	Pan Systems Pte., Ltd.
Ryang Su-nyo	International Global Systems Sdn Bhd
H.K. King Helong Int'l Trading Limited	CHINA
Rus'-Moran Restaurant	DPRK
Ryang Su-nyo	Pan Systems Pte., Ltd. (Pyongyang Branch)
Pan Systems Pte., Ltd.	SINGAPORE
Rus'-Moran Restaurant	RUSSIA
Ri Jong-chol_2	Korea Ponghwa General Corporation
Pan Systems Pte., Ltd.	Pan Systems Pte., Ltd. (Pyongyang Branch)
Adeeb Kabekli	Korea Pusong Corporation, Damascus
Ri Jong-chol_2	UGANDA
Ri Jong-chol_2	IRAN
Adeeb Kabekli	Corst Company Ltd.
Korea Pusong Corporation, Damascus	Scientific Studies and Research Centre
Ri Jong-chol_2	Korea Mining Development Trading Corporation
Korea Unha Water Trading Co., Ltd., Beijing Representative Office	CHINA
Korea Pusong Corporation, Damascus	Megatrade
Pan Systems Pte., Ltd. (Pyongyang Branch)	T Specialist International (Singapore) Pte Ltd
Jo Yong-chol	Korea Mining Development Trading Corporation
Koryo Restaurant (Vladivostok)	DPRK
Pan Systems Pte., Ltd. (Pyongyang Branch)	Kim Chol-sam
Pan Systems Pte., Ltd. (Pyongyang Branch)	Greenpine International Co., Ltd.
Koryo Restaurant (Vladivostok)	RUSSIA
Rungrado Restaurant (Moscow)	DPRK
Pan Systems Pte., Ltd. (Pyongyang Branch)	Unnamed Bank 2
Pan Systems Pte., Ltd. (Pyongyang Branch)	Global Communication Co.
Rungrado Restaurant (Moscow)	RUSSIA
Teng Zhou Shi Ke Yong Da Shu Kong Ji Chuang You Xian Gong Si	Korea Ryonha Machinery Joint Venture Corporation
Pan Systems Pte., Ltd. (Pyongyang Branch)	Reconnaissance General Bureau
International Global Systems Sdn Bhd	Unnamed DPRK National 1
Teng Zhou Shi Ke Yong Da Shu Kong Ji Chuang You Xian Gong Si	DPRK
Korea Unha Water Trading Co., Ltd.	Korea Unha Water Trading Co., Ltd., Beijing Representative Office
International Global Systems Sdn Bhd	Pan Systems Pte., Ltd.
International Global Systems Sdn Bhd	Pan Systems Pte., Ltd. (Pyongyang Branch)
Korea Unha Water Trading Co., Ltd.	DPRK
January 18 General Machinery Factory	Korea Ryonha Machinery Joint Venture Corporation
International Global Systems Sdn Bhd	MALAYSIA
Corst Company Ltd.	Electric Parts Company
Pyongyang Restaurant (Irkutsk))	DPRK
Pyongyang Restaurant (Irkutsk))	RUSSIA
Corst Company Ltd.	Megatrade
Corst Company Ltd.	Scientific Studies and Research Centre
Pyongyang Restaurant (Vladivostok)	DPRK
Pyongyang Restaurant (Vladivostok)	RUSSIA
Corst Company Ltd.	Second Economic Committee
Guangcaiweixing Trading Co., Ltd.	DPRK
Korea Namsan Shipping Company (1989)	DPRK
Shenyang Machinery Import & Export Corporation, Limited	CHINA
DPRK Embassy Moscow	Korea Kumsan Trading Corporation, Moscow
DPRK Embassy Moscow	Ministry of Foreign Affairs DPRK
Shenyang Machinery Import & Export Corporation, Limited	Korea Ryonha Machinery Joint Venture Corporation
Jung Gang 5	Korea Namsan Shipping Company (1989)
Kim Nam-ung	Ilsim International Bank
Tanchon Commercial Bank, Syria	Tanchon Commercial Bank
Koryo Restaurant (Moscow)	DPRK
Koryo Restaurant (Moscow)	RUSSIA
Korea Chongsong Mining Corporation	Ever Ocean Shipping Agency
Korea Chongsong Mining Corporation	Bright Star
Jung Gang 2	DPRK
JSC Cumstoms Broker Co., Ltd	TAIWAN
Hamah CW plant	SYRIA
Ryugyong Commercial Bank, Beijing	Ryugyong Commercial Bank
Ri Chen-nam	DPRK
Sinatek Equipment Corporation, Ltd.	Shenyang Machinery Import & Export Corporation, Limited
Barzah CW Plant	Scientific Studies and Research Centre
Mazzah AFB	SYRIA
Sinatek Equipment Corporation, Ltd.	JSC Cumstoms Broker Co., Ltd
Ilsim International Bank, Shenyang Office	Ilsim International Bank
Linker Logisitcs (M) Sdn Bhd	MALAYSIA
Linker Logisitcs (M) Sdn Bhd	Korea Ponghwa General Corporation
Leadwell CNC Machining Centre Manufacturers	TAIWAN
Leadwell CNC Machining Centre Manufacturers	Ching Hwee International Trading Company Limited
Linker Logisitcs (M) Sdn Bhd	Complant International Transportation (Dalian) Company Ltd.
Tanjung Pelepas port	MALAYSIA
LLC "RKK FART"	Ri Chen-nam
LLC "RKK FART"	RUSSIA
Uni-Probity	Master International Shipping Agency Co. Ltd (Dalian Branch)
Uni-Probity	Dalian port
Aprokgang Shipping & Trading	Jung Gang 5
Aprokgang Shipping & Trading	DPRK
Uni-Probity	Tanjung Pelepas port
Korea Kangbong Trading Corp.	CHINA
Korea Solsong Shipping Company (2005)	DPRK
Pae Yun-chun	DPRK
Korea Kangbong Trading Corp.	Ministry of People's Armed Forces DPRK
Thalassa Mana	MALAYSIA
Sam Ji Yon	DPRK
LLC "CHKHOLSAN"	Pae Yun-chun
Thalassa Mana	Uni-Probity
Bright Star	Korea Kangbong Trading Corp.
LLC "CHKHOLSAN"	Ri Yn-sok
LLC "CHKHOLSAN"	RUSSIA
Daewoo Shipbuilding & Marin Engineering Co. Ltd	DPRK
Master International Shipping Agency Co. Ltd (Dalian Branch)	CHINA
Korea Mining Development General Corporation, Dalian office	Pan Systems Pte., Ltd. (Pyongyang Branch)
Korea Mining Development General Corporation, Dalian office	Korea Heungjin Trading Company, Dandong
Li Qi	Petrel Shipping
Li Qi	Shenghao Marine Hong Kong Ltd
Ryong Am Po	DPRK
Second Economic Committee	Korea Mineral General Trading Corporation
Li Qi	Ocean Maritime Management Company, Limited
Evergreen Line	TAIWAN
Second Economic Committee	Cabinet DPRK
Second Economic Committee	MYANMAR
NPN Electronics Company	DPRK
Pan Wei Chao	Chang An Shipping & Technology Ltd.
Second Economic Committee	National Defence Commission
Exact Machinery Co., Ltd.	TAIWAN
Pan Wei Chao	Dandong Zhongrui Petrochemical Co., Ltd.
Pan Wei Chao	Ocean Maritime Management Company, Limited
Choe Chan-il	Korea Heungjin Trading Company, Dandong
Ra Nam 2	DPRK
Ever Urban	Master International Shipping Agency Co. Ltd (Dalian Branch)
Ever Urban	Dalian port
Gentiger Machinery Industrial Co., Ltd.	TAIWAN
Department of State Property, Zabaikalsky Krai	RUSSIA
Ever Urban	Evergreen Line
Dalian Taiyuan International	CHINA
Korea Heungjin Trading Company, Dandong	CHINA
Myong Sin	DPRK
Uni-Perfect	INDONESIA
Uni-Perfect	Ever Urban
Lilian Machine Industrial Co., Ltd.	TAIWAN
Ministry of Public Health DPRK	Cabinet DPRK
Pak Chol-un	Korea Ponghwa General Corporation
Eastern Luck	Dalian Taiyuan International
Korea Kumrung Trading Company Limited	DPRK
Korea Heungjin Trading Company	Korea Mining Development Trading Corporation
Jie Shun	CAMBODIA
Jie Shun	Hua Heng Shipping Limited
Korea Heungjin Trading Company	Korea Heungjin Trading Company, Dandong
Korea Heungjin Trading Company	CHINA
Jie Shun	EGYPT
Yu Song-chol	Korea Ponghwa General Corporation
Instrumentimpex	RUSSIA
LLC JV "FITON"	Department of State Property, Zabaikalsky Krai
DPRK Embassy Hanoi	Ministry of Foreign Affairs DPRK
Beijing Xinjianteng Century Technical Technology	CHINA
LLC JV "FITON"	Ministry of Public Health DPRK
LLC JV "FITON"	RUSSIA
Beijing Xinjianteng Century Technical Technology	Second Economic Committee
Beijing East Exhibition High-Tech Technology Co. Ltd.	Second Economic Committee
Tong San	DPRK
ZAO "Kortek"	Exact Machinery Co., Ltd.
Ri Pyong-chol	Military Arms Production Department
China Dandong Lushun Trading	CHINA
ZAO "Kortek"	Gentiger Machinery Industrial Co., Ltd.
ZAO "Kortek"	Lilian Machine Industrial Co., Ltd.
Yang Gak Do 3	Korea Yang Gak Do Shipping Co. (2007)
Yang Gak Do 3	China Dandong Lushun Trading
ZAO "Kortek"	YIDA Precision Machinery Company, Ltd
ZAO "Kortek"	Instrumentimpex
Chol Yun	General Precious Metal Complex, Beijing
General Precious Metal Complex, Beijing	CHINA
ZAO "Kortek"	RUSSIA
ZAO "Kortek"	Koryo Technological Corporation
General Precious Metal Complex, Beijing	Green Pine Associated Corporation
Kim Il-sung Military Science University	DPRK
Korea United Development Bank, Moscow	RUSSIA
Dae Dong Gang	DPRK
STE Global Trading Pte Ltd	SINGAPORE
Reconnaissance General Bureau, 6th Technical Bureau	Reconnaissance General Bureau
Koryo Technological Corporation	Park Sen-gun
Koryo Technological Corporation	Korea Ryonha Machinery Joint Venture Corporation
Kim Chol-nam	Korea Mining Development Trading Corporation, Beijing
Kim Chol-nam	Namhung Trading Corporation, Dandong
Daedong Credit Bank, China Rep	Daedong Credit Bank
Korea Daesong General Trading Corporation, Yanji	Korea Daesong General Trading Corporation
Kim Chol-nam	Korea Kumsan Trading Corporation
Excellence Metal Casting	SINGAPORE
Korea Daesong General Trading Corporation, Yanji	CHINA
Da Song San	DPRK
Tun Hlaing	Excellence Minerals
Tun Hlaing	STE Global Trading Pte Ltd
Korea Paekma Trading Corporation	DPRK
Korea Daesong General Trading Corporation, Shenyang	Korea Daesong General Trading Corporation
Tun Hlaing	Excellence Metal Casting
Tun Hlaing	Directorate of Defense Industries
Korea Daesong General Trading Corporation, Shenyang	CHINA
Chon Bong	DPRK
TEMP.Hermit	DPRK
Korea Kumsan Trading Corporation	Korea Kumsan Trading Corporation, Moscow
LLC "YUVESTA KOMPANI"	RUSSIA
Korea Rungrado Shipping Company	DPRK
Korea Kumsan Trading Corporation	Korea Kumsan Trading Corporation, Dandong
Korea Kumsan Trading Corporation	General Bureau of Atomic Energy
LLC "ROSAYUMA"	Korea Paekma Trading Corporation
LLC "ROSAYUMA"	LLC "YUVESTA KOMPANI"
Bancomext	MEXICO
Korea Mining Development Trading Corporation, Naypyidaw	Korea Mining Development Trading Corporation
LLC "ROSAYUMA"	RUSSIA
Korea Daesong General Trading Corporation, Qingdao	Kim Yong-sok
Far Eastern International Bank	TAIWAN
Vietnam TP Bank	VIETNAM
Korea Daesong General Trading Corporation, Qingdao	CHINA
Kim Kyong-il	Daedong Credit Bank
Supa Packers Fish Processors Pty. Ltd	CHINA
THAILAND	DPRK
Baek Sa bong	DPRK
LLC PSC "FINEKO-ROSA-2"	RUSSIA
EMKIP	Supa Packers Fish Processors Pty. Ltd
EMKIP	MOZAMBIQUE
Korea Aprokgang Technical Development Corporation	DPRK
LLC "EMA"	LLC PSC "FINEKO-ROSA-2"
EMKIP	DPRK
Susan 2	EMKIP
LLC "EMA"	Korea Aprokgang Technical Development Corporation
LLC "EMA"	RUSSIA
Susan 2	DPRK
Korea Tonghae Shipping Company (1967)	Sunlight Agency
Yu Son	Nampo port
Yu Son	DPRK
Korea Tonghae Shipping Company (1967)	DPRK
Sea Star Ship Company Limited	Grandtex Shipping Company, Limited
LLC "DESON"	Kim Ri-sen
LLC "DESON"	RUSSIA
Sea Star Ship Company Limited	Dalian Sea Glory Shipping Company Limited
Sea Star Ship Company Limited	Ever Ocean Shipping Agency
Yu Phyong 5	Nampo port
Yu Phyong 5	DPRK
Sea Star Ship Company Limited	DPRK
Dalian Sea Glory Shipping Company Limited	CHINA
Kim Ri-sen	DPRK
Kim Son-khi	DPRK
Dalian Sea Glory Shipping Company Limited	DPRK
Tae Yang	VIETNAM
Song Won	Najin port
Song Won	DPRK
Tae Yang	Korea Taeyang Shipping Co. Ltd.
Susan 1	EMKIP
Sim Ri-khyan	DPRK
Sam Jong 1	Nampo port
Susan 1	DPRK
Korea Mining Development Trading Corporation, Maputo	Korea Mining Development Trading Corporation
Sam Jong 1	DPRK
Paek Ma	Nampo port
Ever Ocean Shipping Agency	Bright Star
Ever Ocean Shipping Agency	DPRK
Paek Ma	DPRK
LLC "KANSONTEKSTIL"	Kim Son-khi
Korea Buyon Shipping Company Limited	DPRK
Victory 2	MONGOLIA
LLC "KANSONTEKSTIL"	Sim Ri-khyan
LLC "KANSONTEKSTIL"	RUSSIA
Victory 2	Havest Shipping Ltd (Hong Kong)
Victory 2	Korea Buyon Shipping Company Limited
Tonghae Shipping Agency Pte. Ltd.	SINGAPORE
Tonghae Shipping Agency Pte. Ltd.	Chinpo Shipping Company Pte., Ltd.
Song Hoa 2	Korea Solsong Shipping Company (2005)
Song Hoa 2	DPRK
Ma Du San	DPRK
Kum Un San 3	Nampo port
Kum Rung 7	DPRK
Korea Haegumgang Trading Corporation	DPRK
Kum Un San 3	DPRK
LLC "ELEKTRON-MAGAZIN"	RUSSIA
Korea Haegumgang Trading Corporation	General Department of Military Cooperation
O Hak San	DPRK
Kim Sen-bok	DPRK
Ocean Maritime Management Company, Dalian	Ocean Maritime Management Company, Limited
Korea Miyang Shipping Company Limited	DPRK
Global Nampo	SIERRA LEONE
Ocean Maritime Management Company, Dalian	Ocean Maritime Management Company, China
Ocean Maritime Management Company, Dalian	CHINA
Global Nampo	Royal Armadas Intl Co Ltd
Global Nampo	Korea Miyang Shipping Company Limited
Ko Song 1	DPRK
Ji Song 6	Nampo port
Kim Kwang-nam	Air Koryo
Kim Kwang-nam	Complant International Transportation (Dalian) Company Ltd.
Ji Song 6	DPRK
BRAZIL	DPRK
Kim Kwang-nam	General Department of Military Cooperation
General Department of Military Cooperation	MOZAMBIQUE
Chon Myong 1	DPRK
LLC "AK-STROI"	LLC "ELEKTRON-MAGAZIN"
General Department of Military Cooperation	Ugandan People's Defense Force, Air Force
General Department of Military Cooperation	Presidential Guard Angola
LLC "AK-STROI"	Kim Sen-bok
LLC "AK-STROI"	RUSSIA
General Department of Military Cooperation	National Police DRC
General Department of Military Cooperation	Presidential Guard DRC
Ocean Maritime Management Company, Vladivostok	Ocean Maritime Management Company, Limited
Ocean Maritime Management Company, Vladivostok	RUSSIA
General Department of Military Cooperation	Nakasongola Air Base
General Department of Military Cooperation	Uganda Junior Command and Staff College
Chong Rim 3	DPRK
Chong Rim 1	DPRK
General Department of Military Cooperation	Oliver Tambo Leadership Institute
General Department of Military Cooperation	Ugandan People's Defense Force
Rin San-choe	DPRK
Rin San-choe	LLC "MYOKHYANG"
General Department of Military Cooperation	Korean People's Army
Mansudae Art Studio	DPRK
Po Chon	DPRK
LLC "MYOKHYANG"	RUSSIA
Morning World Pty Ltd	DPRK
Pugang Pharmaceutic Compmay	DPRK
Tonghae Shipping Co., Representative Office in Egypt	Tonghae Shipping Agency Pte. Ltd.
Tonghae Shipping Co., Representative Office in Egypt	EGYPT
Pugang Pharmaceutic Compmay	LLC "KORUS BIO-MED KO. LTD"
LWM Engineering Pty Ltd	DPRK
Mirae Shipping Company, Ltd	Ocean Maritime Management Company, Limited
LLC "FOLANG"	RUSSIA
Above Engineering Pty Ltd	DPRK
Above Energy Pty Ltd	DPRK
Taichung Commercial Bank	DBS Bank (Hong Kong) Ltd
LLC" PKENYAN-MORANBONG"	RUSSIA
Auskor Engineering Pty Ltd	DPRK
Wang Songchang	Lighthouse Winmore
Choe Young-il	Rich Lead Trading
Mirae Shipping (H.K.) Co. Limited	Great Hope
Boby Julian Akbar	Billions No. 18
Igor Karev-Popov	SP Trading Limited
Mirae Shipping (H.K.) Co. Limited	CHINA
Mirae Shipping (H.K.) Co. Limited	Mirae Shipping Company, Ltd
Igor Karev-Popov	UKRAINE
Iurii Lunov	SP Trading Limited
Mirae Shipping (H.K.) Co. Limited	PANAMA
Chinpo Shipping Company Pte., Ltd.	PANAMA
Iurii Lunov	UKRAINE
Korea Kumgang Group	LLC "PRIMAGROSOYA"
Chinpo Shipping Company Pte., Ltd.	SINGAPORE
LLC "ORYUN"	RUSSIA
Korea Kumgang Group	Ministry of People's Armed Forces DPRK
Korea Kumgang Petroleum	Korea Kumgang Group
Green Pine Associated Corporation, Hong Kong branch	Greenpine International Co., Ltd.
Green Pine Associated Corporation, Hong Kong branch	Kim Song-il
Pong Yue	Korea Ryonha Machinery Joint Venture Corporation
Pong Yue	Korea Pongyue Shipping (2005)
Ocean Maritime Management Company, Limited	Mirae Shipping (H.K.) Co. Limited
Ocean Maritime Management Company, Limited	Chinpo Shipping Company Pte., Ltd.
First Oil Center	First Credit Bank
First Oil Center	DPRK
LLC "TIS"	RUSSIA
LLC "TIS"	LLC JV "TISRIMOB"
Global Commodities Consultants Ltd.	Global SGP Pte Ltd
New Hap Heng Investment and Trading Company Limited	Korea Mining Development Trading Corporation
Leader (Hong Kong) International	Dandong Yongxinghe Trade Co., Ltd.
Leader (Hong Kong) International	Dalian Union International Trading Co., Ltd.
Dong Pang	COMOROS
Dong Pang	VIETNAM
Leader (Hong Kong) International	CHINA
Ri Sung-il	Mirae Shipping Shenzen
Ri Myong Su-8	Korea Paekho 7 Trading
Quanzhou port	CHINA
Dingyuan Zhencheng (Beijing) Trading Co., Ltd.	ANGOLA
Dingyuan Zhencheng (Beijing) Trading Co., Ltd.	Beijing Dingyuan Dasong Trading Co., Ltd.
Ho Li Enterprises Limited	DPRK
Trafigura Pte Ltd	Billions No. 18
Cai Guang	Dalian Union International Trading Co., Ltd.
Cai Guang	Leader (Hong Kong) International
Trafigura Pte Ltd	Lighthouse Winmore
Posan Ni port	DPRK
LLC JV "TISRIMOB"	RUSSIA
Beijing Dingyuan Dasong Trading Co., Ltd.	Korea Kwangson Banking Corporation
Ching Hwee International Trading Company Limited	TAIWAN
Ching Hwee International Trading Company Limited	Sinatek Equipment Corporation, Ltd.
China-Democratic People’s Republic of Korea Trade Network	DPRK
Kim Choe-un	DPRK
Ching Hwee International Trading Company Limited	Korea Ryonha Machinery Joint Venture Corporation
Paek Yang San	Hua Fu
Kim Choe-un	LLC Construction Company "RAI"
Korean People's Air Force	Ministry of People's Armed Forces DPRK
Paek Yang San	Posan Ni port
Royal Team Corporation	Korean International Exhibition Corporation
Kinyo Shipping Co. Ltd.	Chosen Soren
Kinyo Shipping Co. Ltd.	JAPAN
Royal Team Corporation	TAIWAN
Royal Team Corporation	Korea Chonbok Trading Corporation
Civil Aviation Bureau	Korean People's Air Force
LLC Construction Company "RAI"	Kim Ri-sen
Royal Team Corporation	DPRK
China Aerospace Science and Industry Corporation	CHINA
LLC Construction Company "RAI"	RUSSIA
P-914	Air Koryo
Dong Chang Qing	Dalian Sea Glory Shipping Company Limited
Dong Chang Qing	Hua Heng Shipping Limited
Ri Yn-sok	DPRK
Ri Yn-sok	LLC "ZABAIKALINVEST STROI"
Dong Chang Qing	Sea Star Ship Company Limited
Xiongyuo port	CHINA
LLC "ZABAIKALINVEST STROI"	RUSSIA
P-913	Air Koryo
Kal Ma	Xiongyuo port
China Sanjiang Space Group	China Aerospace Science and Industry Corporation
P-912	Air Koryo
P-671	Air Koryo
Lu Tie He	Fan Min Tian
Lu Tie He	Dalian Sea Glory Shipping Company Limited
LLC "KORUS BIO-MED KO. LTD"	RUSSIA
Choi Dah-hwan	DPRK
Lu Tie He	Hua Heng Shipping Limited
Lu Tie He	Sea Star Ship Company Limited
Grace Way General Trading LLC	Zeeshan Building Materials Trading LLC
Ministry of Forestry DPRK	LLC JV "TISRIMOB"
Ministry of Forestry DPRK	Cabinet DPRK
Rim Mok General Trading Company Limited	Ministry of Forestry DPRK
Zhang Qiao	Bright Star
Zhang Qiao	Jie Shun
Zhang Qiao	Shenghao Marine Hong Kong Ltd
Wuhan Import and Export Company	Rim Mok General Trading Company Limited
Koryo Restaurant (Hanoi)	VIETNAM
Koryo Restaurant (Hanoi)	DPRK
Hubei Sanjiang Space Wanshan Special Vehicle Company	China Sanjiang Space Group
Hubei Sanjiang Space Wanshan Special Vehicle Company	Wuhan Import and Export Company
China Dandong Liaoning	Jung Gang 5
China Dandong Liaoning	CHINA
Sea Link Shipping LLC (UAE)	UNITED ARAB EMIRATES
Bin Nhuong Restaurant	VIETNAM
Bin Nhuong Restaurant	DPRK
Ministry of Foreign Affairs DPRK	Cabinet DPRK
Chin Tse Chien	Yingjen Fishery Company
Chin Tse Chien	Oceanic Enterprise Ltd
Pyongyang Haemaji Restaurant	THAILAND
Pyongyang Haemaji Restaurant	DPRK
DPRK Embassy Vienna	Ministry of Foreign Affairs DPRK
Aoyang Marine Company Limited	Grandtex Shipping Company, Limited
Aoyang Marine Company Limited	Aoyang International Co., Ltd.
Aoyang International Co., Ltd.	Fertility 5
Go Rising Trading Ltd.	Vanguard Shipping Safety Management Consultant Co., Ltd.
Government of Russia	RUSSIA
East Grand Shipping Co., Ltd.	Fertility 5
East Grand Shipping Co., Ltd.	Fertility 9
Ministry of External Economic Relations DPRK	Cabinet DPRK
DPRK Trade Representative Office Belarus	Ministry of External Economic Relations DPRK
Fan Min Tian	Victory 3
Fan Min Tian	Jie Shun
Fan Min Tian	Hua Heng Shipping Limited
Fan Min Tian	Sea Star Ship Company Limited
Fan Min Tian	Dalian Sea Glory Shipping Company Limited
Vanguard Shipping Safety Management Consultant Co., Ltd.	Jin Hye
Vanguard Shipping Safety Management Consultant Co., Ltd.	Golden Rich
Vanguard Shipping Safety Management Consultant Co., Ltd.	Lighthouse Winmore
Ri Thae-gil	DPRK Trade Representative Office Belarus
Redshield Ltd	DPRK
Ryu Song-chol	DPRK Trade Representative Office Belarus
Everfaith Trade Limited	Nam Dae Chon
Lighthouse Ship Management Ltd.	Lighthouse Winmore
Wonye Ltd	DPRK
Yuzhnoye State Design Office	UKRAINE
Yuzhnoye State Design Office	Ri Thae-gil
Yuzhnoye State Design Office	Ryu Song-chol
Pacific Bunker Co., Ltd.	Billions No. 88
Billions No. 88	PANAMA
Billions No. 88	PALAU
Megatrade	Mechanical Systems
Megatrade	Handasieh Organization for Engineering Industries
Megatrade	Scientific Studies and Research Centre
ZM international Company Ltd	Seajet Company Limited
Electric Parts Company	Mechanical Systems
Electric Parts Company	Scientific Studies and Research Centre
Ri Hak-chol	ZIMBABWE
Ri Hak-chol	IRAN
Ri Hak-chol	EGYPT
Ri Hak-chol	ANGOLA
Ri Hak-chol	Green Pine Associated Corporation
Bunker's Taiwan Group Corporation	Billions No. 18
Jiang Bing	Lighthouse Winmore
Jiang Bing	Billions Bunker Group Corporation
Xin Yan Tai	Electric Parts Company
Sonbong Kost J.V. Company	DPRK
China Shipping Container Lines	CHINA
China Shipping Container Lines	Xin Yan Tai
Dewen Wang	Hongkong Yongli Technology Limited
Dewen Wang	HK Conie Technology Co., Ltd.
Shenghao Marine Hong Kong Ltd	Ocean Dawning
Shenghao Marine Hong Kong Ltd	Ocean Galaxy
Shenghao Marine Hong Kong Ltd	New Champ Shipping
Shenghao Marine Hong Kong Ltd	Rich Step Shipping
Shenghao Marine Hong Kong Ltd	CHINA
Billions Bunker Group Corporation	Lighthouse Winmore
Billions Bunker Group Corporation	Miguel Shao
Billions Bunker Group Corporation	Billions No. 88
Billions Bunker Group Corporation	Oceanic Enterprise Ltd
Guang Hai	PANAMA
Guang Hai	Shenghao Marine Hong Kong Ltd
Dalian Haicheng International Freight Agency Co. Ltd.	Dalian Liaosin Trading Company, Limited
Dalian Haicheng International Freight Agency Co. Ltd.	China Shipping Container Lines
Chen De Bin	Dandong Yongxinghe Trade Co., Ltd.
Yingjen Fishery Company	Oceanic Enterprise Ltd
Shih-Hsien Chen	Yingjen Fishery Company
Shih-Hsien Chen	Billions Bunker Group Corporation
Shih-Hsien Chen	Pacific Bunker Co., Ltd.
Shih-Hsien Chen	Billions No. 88
Shih-Hsien Chen	Bunker's Taiwan Group Corporation
Shih-Hsien Chen	Billions No. 18
Shih-Hsien Chen	Oceanic Enterprise Ltd
Space Science Academy	DPRK Committee for Space Technology
Korea Tangun Trading Corporation	SYRIA
Korea Tangun Trading Corporation	DPRK
Korea Tangun Trading Corporation	Dalian Haicheng International Freight Agency Co. Ltd.
Space Production Complex	DPRK Committee for Space Technology
Oceanic Enterprise Ltd	Taichung Commercial Bank
Oceanic Enterprise Ltd	Global SGP Pte Ltd
Oceanic Enterprise Ltd	Lighthouse Winmore
State Academy of Sciences	MKP Sosit
State Academy of Sciences	Cabinet DPRK
Yuk Tung Energy Pte Ltd	Yuk Tung
Ri Ung-won	State Academy of Sciences
P-866P	Air Koryo
Yuk Tung Energy Inc.	Yuk Tung
Sin Pho 2	CHINA
Sin Pho 2	Korea Kunhae Company, Limited
Korea National Insurance Corporation, Germany	GERMANY
Second Academy of Natural Sciences	Korean People's Army
Chose Chun-sik	Second Academy of Natural Sciences
Yuk Tung	Ocean Explorer
Yuk Tung	Rye Song Gang 1
International Golden Services Sdn Bhd	Pan Systems Pte., Ltd. (Pyongyang Branch)
International Golden Services Sdn Bhd	MALAYSIA
International Golden Services Sdn Bhd	Global Communication Co.
Ju Kyu-chang	Military Arms Production Department
Chon Ma San	Nampo port
Chon Ma San	DPRK
Grand Faith	DPRK
Grand Faith	Korea Kunhae Company, Limited
Hong Sung-mu	Military Arms Production Department
Jin Hye	SIERRA LEONE
Jin Hye	Chon Ma San
Global Communication Co.	Korea Mining Development Trading Corporation, Damascus
Global Communication Co.	Reconnaissance General Bureau
Chang Myong-chin	DPRK Committee for Space Technology
Rye Song Gang 1	Nampo port
Rye Song Gang 1	DPRK
Kum Rung 5	Korea Rungra 888 Trading Company (2006)
Kum Rung 5	Korea Kumrung Shipping Company
Al Mutlaq Technological Est.	UNITED ARAB EMIRATES
DPRK Committee for Space Technology	Cabinet DPRK
Sam Jong 2	Nampo port
Sam Jong 2	DPRK
Paek Chang-ho	Korean Committee for Space Technology
Paek Chang-ho	Centre for Space Science and Technology Education
Paek Chang-ho	DPRK Committee for Space Technology
Billions No. 18	PANAMA
Billions No. 18	Rye Song Gang 1
Lighthouse Winmore	CHINA
Lighthouse Winmore	Global Commodities Consultants Ltd.
Lighthouse Winmore	Sam Jong 2
Jacob Steiger	SWITZERLAND
Jacob Steiger	Kohas AG
Ryom Yong	General Bureau of Atomic Energy
General Army of Economic and Technology	VIETNAM
Keelung port	Yuk Tung
Keelung port	TAIWAN
Kim Kwang-ho	Green Pine Associated Corporation
Paek Se-bong	Second Economic Committee
Yeosu port	Billions No. 18
Yeosu port	Lighthouse Winmore
Yeosu port	ROK
Kumgang Bank	Korea Ponghwa General Corporation
Kumgang Bank	Central Bank DPRK
Kum Hae	Korea Yang Gak Do Shipping Co. (2007)
Kum Hae	Korea Kumhae Shipping Company (2010)
Simportex E.P.	Kim Kwang-ho
Simportex E.P.	ANGOLA
Malaysian Bank A	MALAYSIA
Malaysian Bank A	Royal Team Corporation
Tongbang Bank, Kuala Lumpur	Malaysian Bank A
Tongbang Bank, Kuala Lumpur	MALAYSIA
Foreign Trade Bank DPRK	Central Bank DPRK
Cosmos Bank	INDIA
Cosmos Bank	Lazarus Group
Korean International Exhibition Corporation	DPRK
First Credit Bank	Korean Workers Party
First Credit Bank	Central Bank DPRK
Taipei-based Company A	TAIWAN
Taipei-based Company A	Korean International Exhibition Corporation
Taipei-based Company A	Royal Team Corporation
Banco de Chile	Lazarus Group
Daedong Credit Bank	Korea Sinheung Trading Co.
Daedong Credit Bank	Hing Heng
Daedong Credit Bank	Hongdae International Ltd.
Daedong Credit Bank	Unnamed Chinese Bank 1
Daedong Credit Bank	Dalian Daxing Electronics
Daedong Credit Bank	Yueda (HK) International Trading Co., Pyongyang office
Daedong Credit Bank	Global Communication Co.
Daedong Credit Bank	International Global Systems Sdn Bhd
Daedong Credit Bank	Pan Systems Pte., Ltd. (Pyongyang Branch)
Daedong Credit Bank	Ryugyong Commercial Bank
Daedong Credit Bank	Daedong Credit Bank, Shenyang Rep Office
Daedong Credit Bank	Daedong Credit Bank, Dandong Rep Officer
Daedong Credit Bank	Daedong Credit Bank, Dalian Rep Office
Daedong Credit Bank	Korea Daesong Bank
Daedong Credit Bank	Central Bank DPRK
Credit Bank of Korea	Heavy Industry Department
Credit Bank of Korea	Central Bank DPRK
Tongbang Bank	Green Pine Associated Corporation
Tongbang Bank	Tongbang Bank, Kuala Lumpur
Tongbang Bank	Korea Mining Development Trading Corporation
Tongbang Bank	Central Bank DPRK
Bangladesh Bank	PHILIPPINES
Bangladesh Bank	Lazarus Group
Qingdao port	CHINA
Central Bank DPRK	Cabinet DPRK
Rizhao port	CHINA
Chosun Expo	Lazarus Group
Korea Daesong Bank	DCB Finance Ltd.
Korea Daesong Bank	Central Bank DPRK
Korea Daesong Bank	KWP CC Secretariat Office No. 39 (Covert Finance)
Interpark	Lazarus Group
Kholmsk port	RUSSIA
Golden Star Bank	AUSTRIA
Golden Star Bank	Korea Daesong Bank
Lazarus Group	Bithumb
Lazarus Group	Coincheck
Lazarus Group	YouBit
Lazarus Group	Coinis
Lazarus Group	Yapizon
Lazarus Group	Kim Il-sung Military Science University
Lazarus Group	Chosun Baeksul Trading Company
Lazarus Group	Reconnaissance General Bureau, 6th Technical Bureau
Lazarus Group	Bancomext
Lazarus Group	Far Eastern International Bank
Lazarus Group	Vietnam TP Bank
Lazarus Group	National Health Service UK
East Glory 7	Guangzhou port
Park Jin-hyok	Kim Chaek University of Technology
Park Jin-hyok	Lazarus Group
Kwon Yong-rok	Golden Star Bank
Kwon Yong-rok	KWP CC Secretariat Office No. 39 (Covert Finance)
Kwon Yong-rok	Complant International Transportation (Dalian) Company Ltd.
Kim Sok-chol?2?	Korea Mining Development Trading Corporation
Guangzhou port	CHINA
Huajin Shipping & Trading Limited (Hong Kong)	CHINA
Dandong Yongtong	CHINA
Xin Guang Hai	Hong Kong port
Complant International Transportation (Dalian) Company Ltd.	Thalassa Mana
Complant International Transportation (Dalian) Company Ltd.	Uni-Perfect
Complant International Transportation (Dalian) Company Ltd.	CHINA
Complant International Transportation (Dalian) Company Ltd.	Complant International Transportation (Hong Kong) Company Ltd.
Complant International Transportation (Dalian) Company Ltd.	Korea Moongwansei Company
Complant International Transportation (Dalian) Company Ltd.	Korea Koryo Simcheong Company
Complant International Transportation (Dalian) Company Ltd.	Korea Rungra 888 Trading Company (2006)
Complant International Transportation (Dalian) Company Ltd.	CMA CGM Otello
Noble House LLC	Transit Prime International Logistics
Noble House LLC	Liaoning Danxing International Forwarding Co.
Noble House LLC	GEORGIA
Hong Kong port	Haiphong port
Hong Kong port	CHINA
Schwarz Motorbootservice und Handel GmbH	General Army of Economic and Technology
Schwarz Motorbootservice und Handel GmbH	Simportex E.P.
Schwarz Motorbootservice und Handel GmbH	AUSTRIA
Schwarz Motorbootservice und Handel GmbH	Complant International Transportation (Dalian) Company Ltd.
Fang Cheng port	CHINA
Josef Schwarz	Green Pine Associated Corporation
Josef Schwarz	Schwarz Motorbootservice und Handel GmbH
Korea Sangmyong General Trading Corporation	DPRK
Najin port	Hua Fu
Najin port	DPRK
Shidao port	CHINA
Sang Myong 2	Korea Sangmyong General Trading Corporation
Korea Taesong Trading Company	SYRIA
Korea Taesong Trading Company	Korea Taesong Trading Company, Dalian
Korea Taesong Trading Company	Korea Mining Development Trading Corporation
Park Sen-gun	DPRK Embassy Moscow
Hua Fu	PANAMA
Hua Fu	VIETNAM
Hua Fu	Quanzhou port
Hua Fu	Fang Cheng port
Hua Fu	Cam Pha port
Hua Fu	Penglai port
Penglai port	CHINA
Prime Okryu Art Gallery	Mansudae Art Studio
Prime Okryu Art Gallery	UNITED ARAB EMIRATES
Jo Su-yong	DPRK
Jo Su-yong	Jong Kuk-chol
Orient Shenyu	Cam Pha port
MV San Francisco Bridge	Handasieh Organization for Engineering Industries
MV San Francisco Bridge	SYRIA
Ri Kyong-hui	DPRK
Ri Kyong-hui	Yu Kyong-jin
Higher Institute of Applied Science and Technology	Scientific Studies and Research Centre
Songnim port	Tae Yang
Songnim port	Xin Guang Hai
Songnim port	Orient Shenyu
Songnim port	DPRK
Victory 3	SIERRA LEONE
Victory 3	BELIZE
Victory 3	Sea Star Ship Company Limited
Victory 3	Dalian Sea Glory Shipping Company Limited
Victory 3	Ever Ocean Shipping Agency
Victory 3	MYANMAR
Taean port	Nakhodka port
Taean port	DPRK
Bayuquan port	Taean port
Bayuquan port	CHINA
Scientific Studies and Research Centre	Second Economic Committee
Scientific Studies and Research Centre	SYRIA
Handasieh Organization for Engineering Industries	Scientific Studies and Research Centre
Zhang Liang Yu	Ocean Maritime Management Company, Dalian
Korea Jansaeng Trading Co. Ltd. (2009)	DPRK
KTD Strong Development Joint Stock Company	VIETNAM
Ryungseng Trading Corporation	DPRK
Ryungseng Trading Corporation	Handasieh Organization for Engineering Industries
Oh Ung-ho	Ocean Maritime Management Company, Dalian
Dandong Haifeng Shipping	CHINA
Brigt Australia Pty Ltd	KTD Strong Development Joint Stock Company
PAKISTAN	DPRK
Jin Yong-yuan	Ocean Maritime Management Company, Dalian
Abdul Qadeer Khan	PAKISTAN
Abdul Qadeer Khan	DPRK
Sheng Wang	Maison Trading Ltd.
Tae Dok San	Taedoksan Shipping Company
Tae Dok San	Dandong Haifeng Shipping
Tae Dok San	Korea Jamaedo Shipping Company
Dandong Chengtai Trading Co., Ltd.	CHINA
Complant International Transportation (Hong Kong) Company Ltd.	CHINA
Wihwha Island FTA	CHINA
Wihwha Island FTA	DPRK
Maison Trading Ltd.	Great Spring
Maison Trading Ltd.	Sun Union
Maison Trading Ltd.	Zhi Kun 7
Maison Trading Ltd.	Bai Mei 8
Maison Trading Ltd.	Zhang Hong No. 1
Maison Trading Ltd.	Tai An
Maison Trading Ltd.	Kum Ya
Maison Trading Ltd.	Jian Fu
Maison Trading Ltd.	Kai Xiang
Maison Trading Ltd.	New Global
Maison Trading Ltd.	Cheng Hong
Maison Trading Ltd.	CHINA
Maison Trading Ltd.	Dandong Chengtai Trading Co., Ltd.
Hwanggumpyong Island FTA	CHINA
Hwanggumpyong Island FTA	DPRK
CHINA	DPRK
CHINA	China Transcomm Technologies
CHINA	Dandong Yongxinghe Trade Co., Ltd.
CHINA	China-Democratic People’s Republic of Korea Trade Network
CHINA	Global Nampo
Great Spring	PANAMA
Great Spring	Tianjin port
Future Electronic Company	Korea Mining Development Trading Corporation
Jong Kyong-chon	Mirae Shipping Shenzen
Korea-China Chamber of Commerce Association	DPRK
Korea-China Chamber of Commerce Association	CHINA
Tianjin port	CHINA
Sun Union	PALAU
Sun Union	Nakhodka port
Chon Won 65	MONGOLIA
Chon Won 65	Jing Yu International Trading Company Limited (Hong Kong)
Kong Pong-o	Mirae Shipping Shenzen
Jun Hak-bum	Korea Mining Development Trading Corporation
Kim Yong-chol	PAKISTAN
Kim Yong-chol	UNITED ARAB EMIRATES
Kim Yong-chol	MYANMAR
Kim Yong-chol	Korea Mining Development Trading Corporation, Tehran
Kim Yong-chol	IRAN
Kim Yong-chol	Korea Mining Development Trading Corporation
Kim Yong-chol	Reconnaissance General Bureau
V. O. Shipping Limited	CHINA
V. O. Shipping Limited	Kasatsugu Hiroshi
Jing Yu International Trading Company Limited (Hong Kong)	CHINA
Ningbo port	CHINA
Sunrise International (HK) Trade Company Limited	CHINA
Sunrise International (HK) Trade Company Limited	Kasatsugu Hiroshi
Ri Sank-kun	Yongbyon Nuclear Research Center
I.Kal	Jing Yu International Trading Company Limited (Hong Kong)
I.Kal	Korea Ikal Shipping (2003)
Chongjin port	Zhi Kun 7
Chongjin port	DPRK
Nanjing port	CHINA
Jun Byung-ho	Military Arms Production Department
Rich Step Shipping	Ocean Dawning
Rich Step Shipping	CHINA
Rich Step Shipping	Kasatsugu Hiroshi
Pak Do-chun	Military Arms Production Department
New Champ Shipping	Ocean Galaxy
New Champ Shipping	Glory Morning
New Champ Shipping	CHINA
New Champ Shipping	Kasatsugu Hiroshi
Zhi Kun 7	PANAMA
Zhi Kun 7	MONGOLIA
Zhi Kun 7	Nanjing port
Zhi Kun 7	Nakhodka port
Gold Zone Shipping Limited	Glory Morning
Gold Zone Shipping Limited	Glory Ocean
Gold Zone Shipping Limited	CHINA
Gold Zone Shipping Limited	Kasatsugu Hiroshi
Orascom	EGYPT
Orascom	Ministry of Posts and Telecommunications DPRK
First Trend Shipping Limited	Ma Sik Ryong
First Trend Shipping Limited	CHINA
First Trend Shipping Limited	Kasatsugu Hiroshi
Nakhodka port	Bayuquan port
Nakhodka port	Great Spring
Nakhodka port	RUSSIA
Glory Shipping (H.K.) Limited	Glory Ocean
Glory Shipping (H.K.) Limited	CHINA
Glory Shipping (H.K.) Limited	Kasatsugu Hiroshi
Ministry of Posts and Telecommunications DPRK	Cabinet DPRK
Bai Mei 8	Ningbo port
Bai Mei 8	Ho Chi Minh port
Ho Chi Minh port	VIETNAM
Cabinet DPRK	DPRK
Cabinet DPRK	State Development Bank
Allied Ocean Shipping Limited	Aoyang International Co., Ltd.
Allied Ocean Shipping Limited	East Grand Shipping Co., Ltd.
Allied Ocean Shipping Limited	Mirae Shipping Company, Ltd
Allied Ocean Shipping Limited	Fertility 9
Allied Ocean Shipping Limited	CHINA
Allied Ocean Shipping Limited	Kasatsugu Hiroshi
Li Anshan	Petrel Shipping
Li Anshan	Jie Shun
Li Anshan	Ocean Maritime Management Company, Limited
Ministry of Finance DPRK	Cabinet DPRK
Ministry of Finance DPRK	State Development Bank
Zhang Hong No. 1	TAIWAN
Zhang Hong No. 1	Cam Pha port
Cam Pha port	VIETNAM
Haorun Resources Ltd (Hong Kong)	CHINA
Vung Tau port	VIETNAM
Ocean Dawn	Haorun Resources Ltd (Hong Kong)
Ocean Dawn	Korea Daesan Shipping Company (2006)
Jang Jong-son	PAKISTAN
Jang Jong-son	UNITED ARAB EMIRATES
Jang Jong-son	Korea Mining Development Trading Corporation, Tehran
Hua Heng Shipping Limited	CHINA
Hua Heng Shipping Limited	PANAMA
Hua Heng Shipping Limited	Dawnlight
Hua Heng Shipping Limited	Dalian Sea Glory Shipping Company Limited
Hua Heng Shipping Limited	Li Anshan
Hua Heng Shipping Limited	Ministry of Land and Maritime Transportation DPRK
Hua Heng Shipping Limited	Great Hope
Kaesong Industrial Zone	DPRK
Kum Ya	Penang port
Jian Fu	PALAU
Jian Fu	Cam Pha port
Jian Fu	Penang port
ROK	RedChina Geosystems (Beijing) Co., Ltd.
ROK	Kaesong Industrial Zone
Kai Xiang	SIERRA LEONE
Kai Xiang	PANAMA
Kai Xiang	Nghi Son port
State Development Bank	National Defence Commission
Nam Dae Chon	PALAU
Nam Dae Chon	VIETNAM
Nam Dae Chon	Ocean Maritime Management Company, Limited
Egyptian Defense Office Pyongyang	EGYPT
Korea Taepung International Investment Group	National Defence Commission
Korea Taepung International Investment Group	State Development Bank
Nghi Son port	VIETNAM
KWP CC Secretariat Office No. 39 (Covert Finance)	Korean Workers Party
Ocean Galaxy	Ocean Maritime Management Company, Limited
New Global	Port Kalang
Green Pine Associated Corporation, Cairo	EGYPT
Green Pine Associated Corporation, Cairo	Green Pine Associated Corporation
Port Kalang	MALAYSIA
Ocean Dawning	Ocean Maritime Management Company, Limited
Ministry of Military Equipment DPRK, Egypt	EGYPT
Ministry of Military Equipment DPRK, Egypt	Ministry of Military Equipment DPRK
Ministry of Military Equipment DPRK	Cabinet DPRK
Ma Sik Ryong	Ocean Maritime Management Company, Limited
Korea Chongunsan Trading Company (2004)	DPRK
Cheng Hong	TOGO
Cheng Hong	PALAU
Cheng Hong	Penglai port
Cheng Hong	Cam Pha port
Cheng Hong	Penang port
Nampo port	Dong Pang
Nampo port	Nam Dae Chon
Nampo port	Ka Rim Chon
Nampo port	Jang Un
Nampo port	Kal Ma
Nampo port	East Glory 7
Nampo port	Hua Fu
Nampo port	Bai Mei 8
Nampo port	Zhang Hong No. 1
Nampo port	Tai An
Nampo port	Jian Fu
Nampo port	Kai Xiang
Nampo port	New Global
Nampo port	Cheng Hong
Nampo port	DPRK
Havest Shipping Ltd (Hong Kong)	CHINA
Penang port	MALAYSIA
Hussein al-Ali	Ministry of Military Equipment DPRK
Hussein al-Ali	Green Pine Associated Corporation
Hussein al-Ali	LIBYA
Glory Ocean	Ocean Maritime Management Company, Limited
Tai An	TOGO
Tai An	PANAMA
Tai An	Vung Tau port
Tai An	VIETNAM
Glory Morning	Ocean Maritime Management Company, Limited
SP Trading Limited	Union Top Management Ltd.
SP Trading Limited	NEW ZEALAND
Fertility 9	Ocean Maritime Management Company, Limited
Fertility 5	Ocean Maritime Management Company, Limited
Nuclear Weapons Institute of the DPRK	Military Arms Production Department
Chong Won-ryol	Kang Mun-kil
Jian Ping	Y Y Shun Limited
Yong Kok Yeap	MKP Sosit
Yong Kok Yeap	Element Flash
Yong Kok Yeap	Nekad Ziplem
Beijing New Technology Trading Company	DPRK
Yong Kok Yeap	MKP-WUI Long System Scaffolds
Yong Kok Yeap	MKP Holdings
Yong Kok Yeap	MKP Dynamic Engineering
Yong Kok Yeap	MKP Corporation
Beijing New Technology Trading Company	Korea Mining Development Trading Corporation
Yong Kok Yeap	MKP Capital LLC
Zo Son-sim	DPRK
Yong Kok Yeap	MKP Capital Bhd
Zo Son-sim	LLC "PONKHVA"
Yong Kok Yeap	Malaysia Korea Partners
Ministry of Land and Maritime Transportation DPRK	Cabinet DPRK
Deutsche Bank AG	GERMANY
LLC "PONKHVA"	RUSSIA
Deutsche Bank AG	JP Morgan Chase Bank
Kim Jung-jong	MOZAMBIQUE
Shanghai Zhen Tai Instrument Corporation Limited	Unnamed Chinese Bank 1
USA	Schwarz Motorbootservice und Handel GmbH
USA	Rich Lead Trading
Kim Jung-jong	Korea Mining Development Trading Corporation, Maputo
USA	Greenpine International Co., Ltd.
Kim Jung-jong	VIETNAM
USA	China Transcomm Technologies
Kim Jung-jong	DPRK Embassy Hanoi
USA	RedChina Geosystems (Beijing) Co., Ltd.
Kim Jung-jong	Tanchon Commercial Bank, Vietnam
USA	Dandong Yongxinghe Trade Co., Ltd.
LLC "PRIMAGROSOYA"	Pioner LLC
Korea Koryo Corporation	Mansudae Sdn. Bhd.
LLC "PRIMAGROSOYA"	DPRK
Korea Koryo Corporation	DPRK
Korea Kunhae Company, Limited	DPRK
Y Y Shun Limited	Unnamed Chinese Bank 1
Korea Kunhae Company, Limited	Grandtex Shipping Company, Limited
Y Y Shun Limited	Shanghai Zhen Tai Instrument Corporation Limited
Tanchon Commercial Bank, Vietnam	Tanchon Commercial Bank
Air West Company	SP Trading Limited
Yuriy Aleksandrovich Korneyev	LLC "PRIMAGROSOYA"
Air West Company	GEORGIA
Yuriy Aleksandrovich Korneyev	LLC "KNYAZHEVSKOE"
Air West Company	USA
Grandtex Shipping Company, Limited	Aoyang International Co., Ltd.
PHILIPPINES	DPRK
Grandtex Shipping Company, Limited	East Grand Shipping Co., Ltd.
JP Morgan Chase Bank	USA
Grandtex Shipping Company, Limited	Mirae Shipping Company, Ltd
JP Morgan Chase Bank	Air West Company
Grandtex Shipping Company, Limited	Fertility 5
Mansudae Sdn. Bhd.	MALAYSIA
Grandtex Shipping Company, Limited	CHINA
GHANA	DPRK
Grandtex Shipping Company, Limited	Kasatsugu Hiroshi
Element Flash	MALAYSIA
Namhung Trading Corporation, Yingkou	Namhung Trading Corporation, Dalian
Element Flash	Han Hun-il
LLC "KNYAZHEVSKOE"	LLC "PRIMAGROSOYA"
